{"sources":[{"source":"entity","prefix":"entity/","type":"directory"},{"source":"entity","prefix":"entity/","type":"directory"},{"type":"single","resource":"modelengine:entity/windcrate"},{"type":"single","resource":"_iainternal:icons/icon_search"},{"type":"single","resource":"_iainternal:icons/icon_next_orange"},{"type":"single","resource":"_iainternal:icons/icon_right_blue"},{"type":"single","resource":"modelengine:entity/watercrate"},{"type":"single","resource":"phoenixplugins:entity/elementalpack/fire_key"},{"type":"single","resource":"phoenixplugins:entity/elementalpack/wind_key"},{"type":"single","resource":"_iainternal:icons/icon_left_blue"},{"type":"single","resource":"phoenixplugins:entity/elementalpack/water_key"},{"type":"single","resource":"_iainternal:icons/icon_cancel"},{"type":"single","resource":"modelengine:entity/firecrate"},{"type":"single","resource":"modelengine:entity/earthcratefinal"},{"type":"single","resource":"_iainternal:icons/icon_back_orange"},{"type":"single","resource":"phoenixplugins:entity/elementalpack/earth_key"},{"type":"single","resource":"_iainternal:icons/icon_arrow_chest"}]}