{
	"credit": "Made with Blockbench",
	"textures": {
		"0": "phoenixplugins:entity/elementalpack/earth_key",
		"particle": "phoenixplugins:entity/elementalpack/earth_key"
	},
	"elements": [
		{
			"from": [8, 3.25, 12.75],
			"to": [8, 4.75, 15.25],
			"rotation": {"angle": 45, "axis": "x", "origin": [8, 7.25, 8]},
			"faces": {
				"north": {"uv": [4, 13, 4, 14.5], "texture": "#0"},
				"east": {"uv": [7, 14.5, 4.5, 16], "texture": "#0"},
				"south": {"uv": [7, 13, 7, 14.5], "texture": "#0"},
				"west": {"uv": [4.5, 14.5, 7, 16], "texture": "#0"},
				"up": {"uv": [6, 13, 6, 15.5], "texture": "#0"},
				"down": {"uv": [0, 10.5, 0, 8], "texture": "#0"}
			}
		},
		{
			"from": [7.25, 2.25, 9.5],
			"to": [8.75, 4.75, 10.5],
			"rotation": {"angle": 45, "axis": "x", "origin": [8, 7.25, 8]},
			"faces": {
				"north": {"uv": [7.5, 13, 9, 15.5], "texture": "#0"},
				"east": {"uv": [10, 13, 9, 15.5], "texture": "#0"},
				"south": {"uv": [10, 13, 11.5, 15.5], "texture": "#0"},
				"west": {"uv": [9, 13, 10, 15.5], "texture": "#0"},
				"up": {"uv": [14.5, 16, 13, 15], "texture": "#0"},
				"down": {"uv": [14.5, 14, 13, 15], "texture": "#0"}
			}
		},
		{
			"from": [7.25, 2.25, 10.5],
			"to": [8.75, 3.25, 12],
			"rotation": {"angle": 45, "axis": "x", "origin": [8, 7.25, 8]},
			"faces": {
				"north": {"uv": [0, 13, 1.5, 14], "texture": "#0"},
				"east": {"uv": [3.5, 13, 2, 14], "texture": "#0"},
				"south": {"uv": [0, 13, 1.5, 14], "texture": "#0"},
				"west": {"uv": [2, 13, 3.5, 14], "texture": "#0"},
				"up": {"uv": [3.5, 15.5, 2, 14], "texture": "#0"},
				"down": {"uv": [1.5, 14, 0, 15.5], "texture": "#0"}
			}
		},
		{
			"from": [7.25, 2.25, 12],
			"to": [8.75, 4.75, 13],
			"rotation": {"angle": 45, "axis": "x", "origin": [8, 7.25, 8]},
			"faces": {
				"north": {"uv": [11, 10, 12.5, 12.5], "texture": "#0"},
				"east": {"uv": [16, 11, 15, 13.5], "texture": "#0"},
				"south": {"uv": [13, 11, 14.5, 13.5], "texture": "#0"},
				"west": {"uv": [15, 11, 16, 13.5], "texture": "#0"},
				"up": {"uv": [15.5, 11, 14, 10], "texture": "#0"},
				"down": {"uv": [15.5, 9, 14, 10], "texture": "#0"}
			}
		},
		{
			"from": [7.25, 4.75, 9.5],
			"to": [8.75, 5.75, 13],
			"rotation": {"angle": 45, "axis": "x", "origin": [8, 7.25, 8]},
			"faces": {
				"north": {"uv": [14, 2, 15.5, 3], "texture": "#0"},
				"east": {"uv": [15.5, 4, 12, 5], "texture": "#0"},
				"south": {"uv": [14, 3, 15.5, 4], "texture": "#0"},
				"west": {"uv": [12, 4, 15.5, 5], "texture": "#0"},
				"up": {"uv": [15.5, 8.5, 14, 5], "texture": "#0"},
				"down": {"uv": [13.5, 5, 12, 8.5], "texture": "#0"}
			}
		},
		{
			"from": [7.5, 4.25, 7.25],
			"to": [8.5, 5.25, 8.75],
			"rotation": {"angle": 0, "axis": "y", "origin": [8, 7.25, 8]},
			"faces": {
				"north": {"uv": [12, 3, 11, 4], "rotation": 180, "texture": "#0"},
				"east": {"uv": [10, 2, 11, 3.5], "rotation": 270, "texture": "#0"},
				"south": {"uv": [4, 5, 3, 4], "texture": "#0"},
				"west": {"uv": [4, 10, 5, 11.5], "rotation": 90, "texture": "#0"},
				"up": {"uv": [2, 10, 3, 11.5], "rotation": 180, "texture": "#0"},
				"down": {"uv": [3, 10, 4, 11.5], "texture": "#0"}
			}
		},
		{
			"from": [7.5, 3, 7.5],
			"to": [8.5, 4, 8.5],
			"rotation": {"angle": 0, "axis": "y", "origin": [8, 7.25, 8]},
			"faces": {
				"north": {"uv": [5.5, 12, 4.5, 12.5], "rotation": 180, "texture": "#0"},
				"east": {"uv": [3, 11, 3.5, 12], "rotation": 270, "texture": "#0"},
				"south": {"uv": [5.5, 13, 4.5, 12.5], "texture": "#0"},
				"west": {"uv": [3.5, 11, 4, 12], "rotation": 90, "texture": "#0"},
				"up": {"uv": [3.5, 12, 4.5, 13], "rotation": 180, "texture": "#0"},
				"down": {"uv": [3.5, 12, 4.5, 13], "texture": "#0"}
			}
		},
		{
			"from": [7.25, 9.25, 7],
			"to": [8.75, 10.25, 9],
			"rotation": {"angle": 0, "axis": "y", "origin": [8, 7.25, 8]},
			"faces": {
				"north": {"uv": [12.5, 0, 11, 1], "rotation": 180, "texture": "#0"},
				"east": {"uv": [6, 9, 7, 11], "rotation": 270, "texture": "#0"},
				"south": {"uv": [10.5, 11, 9, 10], "texture": "#0"},
				"west": {"uv": [0, 10, 1, 12], "rotation": 90, "texture": "#0"},
				"up": {"uv": [8, 0, 9.5, 2], "rotation": 180, "texture": "#0"},
				"down": {"uv": [8, 2, 9.5, 4], "texture": "#0"}
			}
		},
		{
			"from": [7.25, 5.25, 7],
			"to": [8.75, 6.25, 9],
			"rotation": {"angle": 0, "axis": "y", "origin": [8, 7.25, 8]},
			"faces": {
				"north": {"uv": [12.5, 2, 11, 3], "rotation": 180, "texture": "#0"},
				"east": {"uv": [10, 0, 11, 2], "rotation": 270, "texture": "#0"},
				"south": {"uv": [12.5, 2, 11, 1], "texture": "#0"},
				"west": {"uv": [1, 10, 2, 12], "rotation": 90, "texture": "#0"},
				"up": {"uv": [3, 8, 4.5, 10], "rotation": 180, "texture": "#0"},
				"down": {"uv": [7, 8, 8.5, 10], "texture": "#0"}
			}
		},
		{
			"from": [7.5, 6.25, 7.25],
			"to": [8.5, 10.25, 8.75],
			"rotation": {"angle": 0, "axis": "y", "origin": [8, 7.25, 8]},
			"faces": {
				"north": {"uv": [8, 0, 7, 4], "rotation": 180, "texture": "#0"},
				"east": {"uv": [4, 2, 0, 3.5], "rotation": 270, "texture": "#0"},
				"south": {"uv": [3, 10, 2, 6], "texture": "#0"},
				"west": {"uv": [0, 2, 4, 3.5], "rotation": 90, "texture": "#0"},
				"up": {"uv": [7, 10, 8, 11.5], "rotation": 180, "texture": "#0"},
				"down": {"uv": [8, 10, 9, 11.5], "texture": "#0"}
			}
		},
		{
			"from": [7.5, 10.25, 7.25],
			"to": [8.5, 13.25, 8.75],
			"rotation": {"angle": 0, "axis": "y", "origin": [8, 7.25, 8]},
			"faces": {
				"north": {"uv": [4.5, 5, 3, 8], "rotation": 180, "texture": "#0"},
				"east": {"uv": [7, 0, 4, 1.5], "rotation": 270, "texture": "#0"},
				"south": {"uv": [5.5, 5, 4, 2], "texture": "#0"},
				"west": {"uv": [4, 0, 7, 1.5], "rotation": 90, "texture": "#0"},
				"up": {"uv": [9, 6, 10.5, 7.5], "rotation": 180, "texture": "#0"},
				"down": {"uv": [9, 8, 10.5, 9.5], "texture": "#0"}
			}
		},
		{
			"from": [7.5, 13.25, 7.25],
			"to": [8.5, 14.25, 8.75],
			"rotation": {"angle": 0, "axis": "y", "origin": [8, 7.25, 8]},
			"faces": {
				"north": {"uv": [14, 1, 12.5, 2], "rotation": 180, "texture": "#0"},
				"east": {"uv": [16, 0, 15, 1.5], "rotation": 270, "texture": "#0"},
				"south": {"uv": [14, 1, 12.5, 0], "texture": "#0"},
				"west": {"uv": [14, 0, 15, 1.5], "rotation": 90, "texture": "#0"},
				"up": {"uv": [9, 6, 10.5, 7.5], "rotation": 180, "texture": "#0"},
				"down": {"uv": [9, 8, 10.5, 9.5], "texture": "#0"}
			}
		},
		{
			"from": [7.75, 11.25, 6.25],
			"to": [8.25, 13.75, 7.25],
			"rotation": {"angle": 0, "axis": "y", "origin": [8, 7.25, 8]},
			"faces": {
				"north": {"uv": [5.5, 9, 5, 11.5], "rotation": 180, "texture": "#0"},
				"east": {"uv": [11, 5, 8.5, 6], "rotation": 270, "texture": "#0"},
				"south": {"uv": [6.5, 4.5, 6, 2], "texture": "#0"},
				"west": {"uv": [8.5, 5, 11, 6], "rotation": 90, "texture": "#0"},
				"up": {"uv": [6, 11, 6.5, 12], "rotation": 180, "texture": "#0"},
				"down": {"uv": [11, 6, 11.5, 7], "texture": "#0"}
			}
		},
		{
			"from": [7.75, 12.5, 5.25],
			"to": [8.25, 13.5, 6.25],
			"rotation": {"angle": 0, "axis": "y", "origin": [8, 7.25, 8]},
			"faces": {
				"north": {"uv": [0.5, 12, 0, 13], "rotation": 180, "texture": "#0"},
				"east": {"uv": [11, 7, 12, 8], "rotation": 270, "texture": "#0"},
				"south": {"uv": [11, 9, 10.5, 8], "texture": "#0"},
				"west": {"uv": [11, 8, 12, 9], "rotation": 90, "texture": "#0"},
				"up": {"uv": [10, 11, 10.5, 12], "rotation": 180, "texture": "#0"},
				"down": {"uv": [10.5, 7, 11, 8], "texture": "#0"}
			}
		},
		{
			"from": [7.75, 11.25, 5.25],
			"to": [8.25, 12.25, 6.25],
			"rotation": {"angle": 0, "axis": "y", "origin": [8, 7.25, 8]},
			"faces": {
				"north": {"uv": [12.5, 3, 12, 4], "rotation": 180, "texture": "#0"},
				"east": {"uv": [9, 11, 10, 12], "rotation": 270, "texture": "#0"},
				"south": {"uv": [3.5, 13, 3, 12], "texture": "#0"},
				"west": {"uv": [11, 9, 12, 10], "rotation": 90, "texture": "#0"},
				"up": {"uv": [1, 12, 1.5, 13], "rotation": 180, "texture": "#0"},
				"down": {"uv": [2, 12, 2.5, 13], "texture": "#0"}
			}
		}
	],
	"display": {
		"thirdperson_righthand": {
			"translation": [0, 3, 0.8],
			"scale": [0.5, 0.5, 0.5]
		},
		"thirdperson_lefthand": {
			"rotation": [0, -5, 0],
			"translation": [0, 3, 0.8],
			"scale": [0.5, 0.5, 0.5]
		},
		"firstperson_righthand": {
			"rotation": [-70, 0, 0],
			"translation": [0.5, 2.25, 0]
		},
		"firstperson_lefthand": {
			"rotation": [-70, 0, 0],
			"translation": [0.5, 2.25, 0]
		},
		"ground": {
			"translation": [0, 2.75, 0],
			"scale": [0.8, 0.8, 0.8]
		},
		"gui": {
			"rotation": [-90, -50, -90],
			"translation": [1, 0.5, 0]
		},
		"head": {
			"translation": [0, 14.5, 0]
		},
		"fixed": {
			"rotation": [0, 90, 0],
			"translation": [0, 0.75, 0]
		}
	}
}