{
	"credit": "Made with Blockbench",
	"texture_size": [32, 32],
	"textures": {
		"0": "phoenixplugins:entity/elementalpack/fire_key",
		"particle": "phoenixplugins:entity/elementalpack/fire_key"
	},
	"elements": [
		{
			"from": [7, 0.25, 5.75],
			"to": [9, 1.25, 10.25],
			"rotation": {"angle": 0, "axis": "y", "origin": [8, 8, 8]},
			"faces": {
				"north": {"uv": [7.5, 1.5, 6.5, 2], "rotation": 180, "texture": "#0"},
				"east": {"uv": [3.5, 4.5, 4, 6.75], "rotation": 270, "texture": "#0"},
				"south": {"uv": [7.5, 1.5, 6.5, 1], "texture": "#0"},
				"west": {"uv": [4, 4.5, 3.5, 6.75], "rotation": 90, "texture": "#0"},
				"up": {"uv": [2, 2, 3, 4.25], "rotation": 180, "texture": "#0"},
				"down": {"uv": [3, 2, 4, 4.25], "texture": "#0"}
			}
		},
		{
			"from": [6.75, 0, 7],
			"to": [9.25, 1.5, 9],
			"rotation": {"angle": 0, "axis": "y", "origin": [8, 8, 8]},
			"faces": {
				"north": {"uv": [6.75, 5, 5.5, 5.75], "rotation": 180, "texture": "#0"},
				"east": {"uv": [0, 6, 0.75, 7], "rotation": 270, "texture": "#0"},
				"south": {"uv": [6.75, 4.75, 5.5, 4], "texture": "#0"},
				"west": {"uv": [1, 6, 1.75, 7], "rotation": 90, "texture": "#0"},
				"up": {"uv": [2, 4.5, 3.25, 5.5], "rotation": 180, "texture": "#0"},
				"down": {"uv": [5, 0, 6.25, 1], "texture": "#0"}
			}
		},
		{
			"from": [7, 1.25, 9.25],
			"to": [9, 2.25, 10.25],
			"rotation": {"angle": 0, "axis": "y", "origin": [8, 8, 8]},
			"faces": {
				"north": {"uv": [7.5, 3, 6.5, 3.5], "rotation": 180, "texture": "#0"},
				"east": {"uv": [7, 5.5, 7.5, 6], "rotation": 270, "texture": "#0"},
				"south": {"uv": [7.5, 3, 6.5, 2.5], "texture": "#0"},
				"west": {"uv": [7.5, 5.5, 7, 6], "rotation": 90, "texture": "#0"},
				"up": {"uv": [2, 6.5, 3, 7], "rotation": 180, "texture": "#0"},
				"down": {"uv": [6.5, 2, 7.5, 2.5], "texture": "#0"}
			}
		},
		{
			"from": [7, 1.25, 5.75],
			"to": [9, 2.25, 6.75],
			"rotation": {"angle": 0, "axis": "y", "origin": [8, 8, 8]},
			"faces": {
				"north": {"uv": [1, 7, 0, 7.5], "rotation": 180, "texture": "#0"},
				"east": {"uv": [7, 7, 7.5, 7.5], "rotation": 270, "texture": "#0"},
				"south": {"uv": [7.5, 7, 6.5, 6.5], "texture": "#0"},
				"west": {"uv": [7.5, 7, 7, 7.5], "rotation": 90, "texture": "#0"},
				"up": {"uv": [6.5, 3.5, 7.5, 4], "rotation": 180, "texture": "#0"},
				"down": {"uv": [6.5, 6, 7.5, 6.5], "texture": "#0"}
			}
		},
		{
			"from": [7, 2.25, 5.75],
			"to": [9, 3.25, 10.25],
			"rotation": {"angle": 0, "axis": "y", "origin": [8, 8, 8]},
			"faces": {
				"north": {"uv": [3, 7, 2, 7.5], "rotation": 180, "texture": "#0"},
				"east": {"uv": [5, 3.5, 5.5, 5.75], "rotation": 270, "texture": "#0"},
				"south": {"uv": [2, 7.5, 1, 7], "texture": "#0"},
				"west": {"uv": [5.5, 3.5, 5, 5.75], "rotation": 90, "texture": "#0"},
				"up": {"uv": [4, 0, 5, 2.25], "rotation": 180, "texture": "#0"},
				"down": {"uv": [4, 2.5, 5, 4.75], "texture": "#0"}
			}
		},
		{
			"from": [7.25, 3.25, 7.25],
			"to": [8.75, 11.25, 8.75],
			"rotation": {"angle": 0, "axis": "y", "origin": [8, 8, 8]},
			"faces": {
				"north": {"uv": [1.75, 2, 1, 6], "rotation": 180, "texture": "#0"},
				"east": {"uv": [4, 1, 0, 1.75], "rotation": 270, "texture": "#0"},
				"south": {"uv": [0.75, 6, 0, 2], "texture": "#0"},
				"west": {"uv": [0, 1, 4, 1.75], "rotation": 90, "texture": "#0"},
				"up": {"uv": [4.5, 6, 5.25, 6.75], "rotation": 180, "texture": "#0"},
				"down": {"uv": [5.5, 6, 6.25, 6.75], "texture": "#0"}
			}
		},
		{
			"from": [7, 3.75, 7],
			"to": [9, 4.75, 9],
			"rotation": {"angle": 0, "axis": "y", "origin": [8, 8, 8]},
			"faces": {
				"north": {"uv": [5.5, 7, 4.5, 7.5], "rotation": 180, "texture": "#0"},
				"east": {"uv": [3, 6.5, 3.5, 7.5], "rotation": 270, "texture": "#0"},
				"south": {"uv": [8, 4.5, 7, 4], "texture": "#0"},
				"west": {"uv": [3.5, 6.5, 3, 7.5], "rotation": 90, "texture": "#0"},
				"up": {"uv": [5.5, 2, 6.5, 3], "rotation": 180, "texture": "#0"},
				"down": {"uv": [5.5, 3, 6.5, 4], "texture": "#0"}
			}
		},
		{
			"from": [7, 5, 7],
			"to": [9, 6, 9],
			"rotation": {"angle": 0, "axis": "y", "origin": [8, 8, 8]},
			"faces": {
				"north": {"uv": [5.5, 7, 4.5, 7.5], "rotation": 180, "texture": "#0"},
				"east": {"uv": [3, 6.5, 3.5, 7.5], "rotation": 270, "texture": "#0"},
				"south": {"uv": [8, 4.5, 7, 4], "texture": "#0"},
				"west": {"uv": [3.5, 6.5, 3, 7.5], "rotation": 90, "texture": "#0"},
				"up": {"uv": [5.5, 2, 6.5, 3], "rotation": 180, "texture": "#0"},
				"down": {"uv": [5.5, 3, 6.5, 4], "texture": "#0"}
			}
		},
		{
			"from": [7.5, 8, 6.25],
			"to": [8.5, 9, 7.25],
			"rotation": {"angle": 0, "axis": "y", "origin": [8, 8, 8]},
			"faces": {
				"north": {"uv": [2, 7.5, 1.5, 8], "rotation": 180, "texture": "#0"},
				"east": {"uv": [0.5, 7.5, 1, 8], "rotation": 270, "texture": "#0"},
				"south": {"uv": [8, 1.5, 7.5, 1], "texture": "#0"},
				"west": {"uv": [1, 7.5, 1.5, 8], "rotation": 90, "texture": "#0"},
				"up": {"uv": [7.5, 0, 8, 0.5], "rotation": 180, "texture": "#0"},
				"down": {"uv": [7.5, 0.5, 8, 1], "texture": "#0"}
			}
		},
		{
			"from": [7.5, 8.5, 5.75],
			"to": [8.5, 9, 6.25],
			"rotation": {"angle": 0, "axis": "y", "origin": [8, 8, 8]},
			"faces": {
				"north": {"uv": [3.5, 7.5, 3, 7.75], "rotation": 180, "texture": "#0"},
				"east": {"uv": [7.5, 6.5, 7.75, 6.75], "rotation": 270, "texture": "#0"},
				"south": {"uv": [8, 2.75, 7.5, 2.5], "texture": "#0"},
				"west": {"uv": [7, 7.5, 7.25, 7.75], "rotation": 90, "texture": "#0"},
				"up": {"uv": [7.5, 2, 8, 2.25], "rotation": 180, "texture": "#0"},
				"down": {"uv": [2.5, 7.5, 3, 7.75], "texture": "#0"}
			}
		},
		{
			"from": [7.5, 9.5, 5.75],
			"to": [8.5, 10, 6.25],
			"rotation": {"angle": 0, "axis": "y", "origin": [8, 8, 8]},
			"faces": {
				"north": {"uv": [5, 7.5, 4.5, 7.75], "rotation": 180, "texture": "#0"},
				"east": {"uv": [7.5, 7, 7.75, 7.25], "rotation": 270, "texture": "#0"},
				"south": {"uv": [4.5, 7.75, 4, 7.5], "texture": "#0"},
				"west": {"uv": [7.5, 7.5, 7.75, 7.75], "rotation": 90, "texture": "#0"},
				"up": {"uv": [7.5, 3, 8, 3.25], "rotation": 180, "texture": "#0"},
				"down": {"uv": [7.5, 3.5, 8, 3.75], "texture": "#0"}
			}
		},
		{
			"from": [7.5, 10.5, 5.75],
			"to": [8.5, 11, 6.25],
			"rotation": {"angle": 0, "axis": "y", "origin": [8, 8, 8]},
			"faces": {
				"north": {"uv": [7, 7.5, 6.5, 7.75], "rotation": 180, "texture": "#0"},
				"east": {"uv": [0, 8, 0.25, 8.25], "rotation": 270, "texture": "#0"},
				"south": {"uv": [8, 6.25, 7.5, 6], "texture": "#0"},
				"west": {"uv": [8, 0, 8.25, 0.25], "rotation": 90, "texture": "#0"},
				"up": {"uv": [5, 7.5, 5.5, 7.75], "rotation": 180, "texture": "#0"},
				"down": {"uv": [7.5, 5.5, 8, 5.75], "texture": "#0"}
			}
		},
		{
			"from": [7.5, 9.5, 6.25],
			"to": [8.5, 11, 7.25],
			"rotation": {"angle": 0, "axis": "y", "origin": [8, 8, 8]},
			"faces": {
				"north": {"uv": [6.5, 7, 6, 7.75], "rotation": 180, "texture": "#0"},
				"east": {"uv": [7, 4.5, 7.75, 5], "rotation": 270, "texture": "#0"},
				"south": {"uv": [6, 7.75, 5.5, 7], "texture": "#0"},
				"west": {"uv": [7, 5, 7.75, 5.5], "rotation": 90, "texture": "#0"},
				"up": {"uv": [7.5, 1.5, 8, 2], "rotation": 180, "texture": "#0"},
				"down": {"uv": [2, 7.5, 2.5, 8], "texture": "#0"}
			}
		}
	],
	"display": {
		"thirdperson_righthand": {
			"translation": [0, 3.4, 0.9],
			"scale": [0.5, 0.5, 0.5]
		},
		"thirdperson_lefthand": {
			"translation": [0, 3.4, 0.9],
			"scale": [0.5, 0.5, 0.5]
		},
		"firstperson_righthand": {
			"rotation": [-70, 0, 0],
			"translation": [0.5, 3, -0.75]
		},
		"firstperson_lefthand": {
			"rotation": [-70, 0, 0],
			"translation": [0.5, 3, -0.75]
		},
		"ground": {
			"translation": [0, 3, 0],
			"scale": [0.8, 0.8, 0.8]
		},
		"gui": {
			"rotation": [-90, -50, -90],
			"translation": [1.5, 2.25, 0]
		},
		"head": {
			"translation": [0, 14.5, 0]
		},
		"fixed": {
			"rotation": [0, 90, 0],
			"translation": [0, 1.75, 0]
		}
	}
}