{
	"credit": "Made with Blockbench",
	"textures": {
		"0": "phoenixplugins:entity/elementalpack/water_key",
		"particle": "phoenixplugins:entity/elementalpack/water_key"
	},
	"elements": [
		{
			"from": [7.5, 2, 7],
			"to": [8.5, 9, 9],
			"rotation": {"angle": 0, "axis": "y", "origin": [8, 5.25, 8]},
			"faces": {
				"north": {"uv": [3, 4, 2, 11], "rotation": 180, "texture": "#0"},
				"east": {"uv": [0, 0, 7, 2], "rotation": 270, "texture": "#0"},
				"south": {"uv": [1, 11, 0, 4], "texture": "#0"},
				"west": {"uv": [7, 0, 0, 2], "rotation": 90, "texture": "#0"},
				"up": {"uv": [10, 6, 11, 8], "rotation": 180, "texture": "#0"},
				"down": {"uv": [8, 10, 9, 12], "texture": "#0"}
			}
		},
		{
			"from": [7.5, 0, 9],
			"to": [8.5, 3, 10],
			"rotation": {"angle": 0, "axis": "y", "origin": [8, 5.25, 8]},
			"faces": {
				"north": {"uv": [11.5, 0, 10, 3], "rotation": 180, "texture": "#0"},
				"east": {"uv": [4, 11, 7, 12], "rotation": 270, "texture": "#0"},
				"south": {"uv": [1.5, 13, 0, 10], "texture": "#0"},
				"west": {"uv": [12, 0, 15, 1], "rotation": 90, "texture": "#0"},
				"up": {"uv": [12, 13, 13.5, 14], "rotation": 180, "texture": "#0"},
				"down": {"uv": [2, 14, 3.5, 15], "texture": "#0"}
			}
		},
		{
			"from": [7.5, 0, 6],
			"to": [8.5, 3, 7],
			"rotation": {"angle": 0, "axis": "y", "origin": [8, 5.25, 8]},
			"faces": {
				"north": {"uv": [11.5, 3, 10, 6], "rotation": 180, "texture": "#0"},
				"east": {"uv": [12, 1, 15, 2], "rotation": 270, "texture": "#0"},
				"south": {"uv": [3.5, 13, 2, 10], "texture": "#0"},
				"west": {"uv": [12, 2, 15, 3], "rotation": 90, "texture": "#0"},
				"up": {"uv": [14, 3, 15.5, 4], "rotation": 180, "texture": "#0"},
				"down": {"uv": [4, 14, 5.5, 15], "texture": "#0"}
			}
		},
		{
			"from": [7.5, 0, 7],
			"to": [8.5, 1, 9],
			"rotation": {"angle": 0, "axis": "y", "origin": [8, 5.25, 8]},
			"faces": {
				"north": {"uv": [15.5, 8, 14, 9], "rotation": 180, "texture": "#0"},
				"east": {"uv": [9, 13, 10, 15], "rotation": 270, "texture": "#0"},
				"south": {"uv": [15.5, 5, 14, 4], "texture": "#0"},
				"west": {"uv": [13, 9, 14, 11], "rotation": 90, "texture": "#0"},
				"up": {"uv": [12, 3, 13.5, 5], "rotation": 180, "texture": "#0"},
				"down": {"uv": [4, 12, 5.5, 14], "texture": "#0"}
			}
		},
		{
			"from": [7, 5, 6.75],
			"to": [9, 6, 9.25],
			"rotation": {"angle": 0, "axis": "y", "origin": [8, 5.25, 8]},
			"faces": {
				"north": {"uv": [15, 5, 13, 6], "rotation": 180, "texture": "#0"},
				"east": {"uv": [7, 11, 8, 13.5], "rotation": 270, "texture": "#0"},
				"south": {"uv": [4, 14, 2, 13], "texture": "#0"},
				"west": {"uv": [12, 5, 13, 7.5], "rotation": 90, "texture": "#0"},
				"up": {"uv": [4, 8, 6, 10.5], "rotation": 180, "texture": "#0"},
				"down": {"uv": [8, 4, 10, 6.5], "texture": "#0"}
			}
		},
		{
			"from": [7, 3.5, 6.75],
			"to": [9, 4.5, 9.25],
			"rotation": {"angle": 0, "axis": "y", "origin": [8, 5.25, 8]},
			"faces": {
				"north": {"uv": [15, 7, 13, 8], "rotation": 180, "texture": "#0"},
				"east": {"uv": [6, 12, 7, 14.5], "rotation": 270, "texture": "#0"},
				"south": {"uv": [15, 7, 13, 6], "texture": "#0"},
				"west": {"uv": [8, 12, 9, 14.5], "rotation": 90, "texture": "#0"},
				"up": {"uv": [6, 8, 8, 10.5], "rotation": 180, "texture": "#0"},
				"down": {"uv": [8, 7, 10, 9.5], "texture": "#0"}
			}
		},
		{
			"from": [7.25, 9, 6],
			"to": [8.75, 11, 10],
			"rotation": {"angle": 0, "axis": "y", "origin": [8, 5.25, 8]},
			"faces": {
				"north": {"uv": [11.5, 10, 10, 12], "rotation": 180, "texture": "#0"},
				"east": {"uv": [4, 4, 6, 8], "rotation": 270, "texture": "#0"},
				"south": {"uv": [11.5, 10, 10, 8], "texture": "#0"},
				"west": {"uv": [6, 4, 4, 8], "rotation": 90, "texture": "#0"},
				"up": {"uv": [6, 4, 7.5, 8], "rotation": 180, "texture": "#0"},
				"down": {"uv": [8, 0, 9.5, 4], "texture": "#0"}
			}
		},
		{
			"from": [8.75, 9, 8],
			"to": [9.75, 11, 9],
			"rotation": {"angle": 0, "axis": "y", "origin": [8, 5.25, 8]},
			"faces": {
				"north": {"uv": [12, 12, 11, 14], "rotation": 180, "texture": "#0"},
				"east": {"uv": [12, 8, 14, 9], "rotation": 270, "texture": "#0"},
				"south": {"uv": [13, 11, 12, 9], "texture": "#0"},
				"west": {"uv": [9, 12, 11, 13], "rotation": 90, "texture": "#0"},
				"up": {"uv": [10, 13, 11, 14], "rotation": 180, "texture": "#0"},
				"down": {"uv": [7, 14, 8, 15], "texture": "#0"}
			}
		},
		{
			"from": [6.25, 9, 8],
			"to": [7.25, 11, 9],
			"rotation": {"angle": 0, "axis": "y", "origin": [8, 5.25, 8]},
			"faces": {
				"north": {"uv": [2, 13, 1, 15], "rotation": 180, "texture": "#0"},
				"east": {"uv": [12, 11, 14, 12], "rotation": 270, "texture": "#0"},
				"south": {"uv": [1, 15, 0, 13], "texture": "#0"},
				"west": {"uv": [12, 12, 14, 13], "rotation": 90, "texture": "#0"},
				"up": {"uv": [14, 9, 15, 10], "rotation": 180, "texture": "#0"},
				"down": {"uv": [10, 14, 11, 15], "texture": "#0"}
			}
		}
	],
	"display": {
		"thirdperson_righthand": {
			"translation": [0, 3.4, 0.9],
			"scale": [0.5, 0.5, 0.5]
		},
		"thirdperson_lefthand": {
			"translation": [0, 3.4, 0.9],
			"scale": [0.5, 0.5, 0.5]
		},
		"firstperson_righthand": {
			"rotation": [-70, 0, 0],
			"translation": [0.5, 3, 0]
		},
		"firstperson_lefthand": {
			"rotation": [-70, 0, 0],
			"translation": [0.5, 3, 0]
		},
		"ground": {
			"translation": [0, 2.75, 0],
			"scale": [0.8, 0.8, 0.8]
		},
		"gui": {
			"rotation": [-90, -50, -90],
			"translation": [1.75, 1.75, 0]
		},
		"head": {
			"translation": [0, 14.5, 0]
		},
		"fixed": {
			"rotation": [0, 90, 0],
			"translation": [0, 1.75, 0]
		}
	}
}