{
	"credit": "Made with Blockbench",
	"texture_size": [32, 32],
	"textures": {
		"0": "phoenixplugins:entity/elementalpack/wind_key",
		"particle": "phoenixplugins:entity/elementalpack/wind_key"
	},
	"elements": [
		{
			"from": [7, 4.25, 9],
			"to": [9, 5.25, 13],
			"rotation": {"angle": 45, "axis": "x", "origin": [8, 7, 8.75]},
			"faces": {
				"north": {"uv": [3, 2.5, 4, 3], "texture": "#0"},
				"east": {"uv": [8.5, 1.5, 6.5, 2], "texture": "#0"},
				"south": {"uv": [8.5, 2.5, 9.5, 3], "texture": "#0"},
				"west": {"uv": [6.5, 1.5, 8.5, 2], "texture": "#0"},
				"up": {"uv": [5, 4.5, 4, 2.5], "texture": "#0"},
				"down": {"uv": [4.5, 4.5, 3.5, 6.5], "texture": "#0"}
			}
		},
		{
			"from": [7, 1.25, 12],
			"to": [9, 4.25, 13],
			"rotation": {"angle": 45, "axis": "x", "origin": [8, 7, 8.75]},
			"faces": {
				"north": {"uv": [5.5, 5.5, 6.5, 7], "texture": "#0"},
				"east": {"uv": [0.5, 8, 0, 9.5], "texture": "#0"},
				"south": {"uv": [6, 2.5, 7, 4], "texture": "#0"},
				"west": {"uv": [0, 8, 0.5, 9.5], "texture": "#0"},
				"up": {"uv": [9.5, 4, 8.5, 3.5], "texture": "#0"},
				"down": {"uv": [9.5, 5, 8.5, 5.5], "texture": "#0"}
			}
		},
		{
			"from": [6.75, 3, 11.75],
			"to": [9.25, 4, 13.25],
			"rotation": {"angle": 45, "axis": "x", "origin": [8, 7, 8.75]},
			"faces": {
				"north": {"uv": [6.5, 8, 7.75, 8.5], "texture": "#0"},
				"east": {"uv": [7.5, 8.5, 8.25, 9], "texture": "#0"},
				"south": {"uv": [8, 6.5, 9.25, 7], "texture": "#0"},
				"west": {"uv": [8.5, 7.5, 9.25, 8], "texture": "#0"},
				"up": {"uv": [8.25, 2.75, 7, 2], "texture": "#0"},
				"down": {"uv": [8.25, 3, 7, 3.75], "texture": "#0"}
			}
		},
		{
			"from": [6.75, 1, 10.5],
			"to": [9.25, 2.5, 11.5],
			"rotation": {"angle": 45, "axis": "x", "origin": [8, 7, 8.75]},
			"faces": {
				"north": {"uv": [8.25, 7, 7, 7.75], "rotation": 180, "texture": "#0"},
				"east": {"uv": [8.5, 8.5, 9.25, 9], "rotation": 270, "texture": "#0"},
				"south": {"uv": [6.75, 7.75, 5.5, 7], "texture": "#0"},
				"west": {"uv": [9, 0, 9.75, 0.5], "rotation": 90, "texture": "#0"},
				"up": {"uv": [8, 8, 9.25, 8.5], "rotation": 180, "texture": "#0"},
				"down": {"uv": [8.5, 1, 9.75, 1.5], "texture": "#0"}
			}
		},
		{
			"from": [7, 1.25, 10],
			"to": [9, 2.25, 12],
			"rotation": {"angle": 45, "axis": "x", "origin": [8, 7, 8.75]},
			"faces": {
				"north": {"uv": [8.5, 5.5, 9.5, 6], "texture": "#0"},
				"east": {"uv": [9.5, 7, 8.5, 7.5], "texture": "#0"},
				"south": {"uv": [6.5, 8.5, 7.5, 9], "texture": "#0"},
				"west": {"uv": [8.5, 7, 9.5, 7.5], "texture": "#0"},
				"up": {"uv": [7.5, 5, 6.5, 4], "texture": "#0"},
				"down": {"uv": [7.5, 5, 6.5, 6], "texture": "#0"}
			}
		},
		{
			"from": [7, 1.25, 9],
			"to": [9, 4.25, 10],
			"rotation": {"angle": 45, "axis": "x", "origin": [8, 7, 8.75]},
			"faces": {
				"north": {"uv": [2, 5.5, 3, 7], "texture": "#0"},
				"east": {"uv": [8, 4, 7.5, 5.5], "texture": "#0"},
				"south": {"uv": [5.5, 4, 6.5, 5.5], "texture": "#0"},
				"west": {"uv": [7.5, 4, 8, 5.5], "texture": "#0"},
				"up": {"uv": [9.5, 3.5, 8.5, 3], "texture": "#0"},
				"down": {"uv": [4.5, 8.5, 3.5, 9], "texture": "#0"}
			}
		},
		{
			"from": [7, 8.25, 3],
			"to": [9, 11.25, 6],
			"rotation": {"angle": 45, "axis": "x", "origin": [8, 7, 8.75]},
			"faces": {
				"north": {"uv": [4.5, 1, 5.5, 2.5], "texture": "#0"},
				"east": {"uv": [3, 1, 4.5, 2.5], "texture": "#0"},
				"south": {"uv": [4.5, 4.5, 5.5, 6], "texture": "#0"},
				"west": {"uv": [4.5, 1, 3, 2.5], "texture": "#0"},
				"up": {"uv": [6, 4, 5, 2.5], "texture": "#0"},
				"down": {"uv": [6.5, 1, 5.5, 2.5], "texture": "#0"}
			}
		},
		{
			"from": [7.75, 8.25, 7.75],
			"to": [8.25, 8.75, 9.75],
			"rotation": {"angle": 22.5, "axis": "x", "origin": [8, 7, 8.75]},
			"faces": {
				"north": {"uv": [9.25, 0.5, 9, 0.75], "rotation": 180, "texture": "#0"},
				"east": {"uv": [2, 9, 2.25, 10], "rotation": 270, "texture": "#0"},
				"south": {"uv": [6.75, 2.25, 6.5, 2], "texture": "#0"},
				"west": {"uv": [4, 9, 4.25, 10], "rotation": 90, "texture": "#0"},
				"up": {"uv": [1, 9, 1.25, 10], "rotation": 180, "texture": "#0"},
				"down": {"uv": [3.5, 9, 3.75, 10], "texture": "#0"}
			}
		},
		{
			"from": [8, 7.25, 8.75],
			"to": [8, 9.75, 14.75],
			"rotation": {"angle": 22.5, "axis": "x", "origin": [8, 7, 8.75]},
			"faces": {
				"north": {"uv": [0, 0, 0, 1.25], "rotation": 180, "texture": "#0"},
				"east": {"uv": [10.25, 0, 11.5, 3], "rotation": 270, "texture": "#0"},
				"south": {"uv": [0, 1.25, 0, 0], "texture": "#0"},
				"west": {"uv": [11.5, 0, 10.25, 3], "rotation": 90, "texture": "#0"},
				"up": {"uv": [0, 0, 0, 3], "rotation": 180, "texture": "#0"},
				"down": {"uv": [0, 0, 0, 3], "texture": "#0"}
			}
		},
		{
			"from": [7.5, 11.75, 3.25],
			"to": [8.5, 13.25, 7.25],
			"rotation": {"angle": 0, "axis": "y", "origin": [8, 7, 8.75]},
			"faces": {
				"north": {"uv": [1, 9, 0.5, 9.75], "rotation": 180, "texture": "#0"},
				"east": {"uv": [4.5, 6, 5.25, 8], "rotation": 270, "texture": "#0"},
				"south": {"uv": [3.5, 6.25, 3, 5.5], "texture": "#0"},
				"west": {"uv": [5.25, 6, 4.5, 8], "rotation": 90, "texture": "#0"},
				"up": {"uv": [4, 6.5, 4.5, 8.5], "rotation": 180, "texture": "#0"},
				"down": {"uv": [2, 7, 2.5, 9], "texture": "#0"}
			}
		},
		{
			"from": [7.5, 10.25, 4.25],
			"to": [8.5, 11.25, 7.25],
			"rotation": {"angle": 0, "axis": "y", "origin": [8, 7, 8.75]},
			"faces": {
				"north": {"uv": [5.5, 4, 5, 4.5], "rotation": 180, "texture": "#0"},
				"east": {"uv": [8, 5, 8.5, 6.5], "rotation": 270, "texture": "#0"},
				"south": {"uv": [4, 4.5, 3.5, 4], "texture": "#0"},
				"west": {"uv": [6, 8, 6.5, 9.5], "rotation": 90, "texture": "#0"},
				"up": {"uv": [1.5, 8, 2, 9.5], "rotation": 180, "texture": "#0"},
				"down": {"uv": [5.5, 8, 6, 9.5], "texture": "#0"}
			}
		},
		{
			"from": [7.25, 4.25, 7],
			"to": [8.75, 11.75, 8.5],
			"rotation": {"angle": 0, "axis": "y", "origin": [8, 7, 8.75]},
			"faces": {
				"north": {"uv": [1.75, 4, 1, 7.75], "rotation": 180, "texture": "#0"},
				"east": {"uv": [0, 3, 3.75, 3.75], "rotation": 270, "texture": "#0"},
				"south": {"uv": [0.75, 7.75, 0, 4], "texture": "#0"},
				"west": {"uv": [3, 0, 6.75, 0.75], "rotation": 90, "texture": "#0"},
				"up": {"uv": [8.5, 1.5, 9.25, 2.25], "rotation": 180, "texture": "#0"},
				"down": {"uv": [2.5, 8.5, 3.25, 9.25], "texture": "#0"}
			}
		},
		{
			"from": [7, 8, 6.75],
			"to": [9, 9.5, 8.75],
			"rotation": {"angle": 0, "axis": "y", "origin": [8, 7, 8.75]},
			"faces": {
				"north": {"uv": [5.5, 8, 4.5, 8.75], "rotation": 180, "texture": "#0"},
				"east": {"uv": [8, 0, 8.75, 1], "rotation": 270, "texture": "#0"},
				"south": {"uv": [9, 4.75, 8, 4], "texture": "#0"},
				"west": {"uv": [0.5, 8, 1.25, 9], "rotation": 90, "texture": "#0"},
				"up": {"uv": [6.5, 6, 7.5, 7], "rotation": 180, "texture": "#0"},
				"down": {"uv": [7, 0, 8, 1], "texture": "#0"}
			}
		}
	],
	"display": {
		"thirdperson_righthand": {
			"translation": [0, 2.75, 1.1],
			"scale": [0.5, 0.5, 0.5]
		},
		"thirdperson_lefthand": {
			"translation": [0, 2.75, 1.1],
			"scale": [0.5, 0.5, 0.5]
		},
		"firstperson_righthand": {
			"rotation": [-70, 0, 0],
			"translation": [0.5, 2.5, 0]
		},
		"firstperson_lefthand": {
			"rotation": [-70, 0, 0],
			"translation": [0.5, 2.25, 0]
		},
		"ground": {
			"translation": [0, 3, 0],
			"scale": [0.8, 0.8, 0.8]
		},
		"gui": {
			"rotation": [-90, -50, -90],
			"translation": [0.25, 1, 0]
		},
		"head": {
			"translation": [0, 14.5, 0]
		},
		"fixed": {
			"rotation": [0, 90, 0],
			"translation": [0, 1, 0]
		}
	}
}