{"textures":{"0":"modelengine:entity/watercrate"},"elements":[{"from":[8.47476,11.467252,8.634544],"to":[10.57476,14.267251,10.734544],"faces":{"east":{"uv":[0.0,8.625,0.25,8.8125],"tintindex":0,"rotation":90,"texture":"#0"},"south":{"uv":[3.5625,8.625,3.375,8.875],"tintindex":0,"rotation":0,"texture":"#0"},"north":{"uv":[2.0625,8.875,1.875,8.625],"tintindex":0,"rotation":180,"texture":"#0"},"west":{"uv":[8.625,0.0,8.875,0.1875],"tintindex":0,"rotation":270,"texture":"#0"},"up":{"uv":[8.625,5.375,8.8125,5.5625],"tintindex":0,"rotation":0,"texture":"#0"},"down":{"uv":[8.625,4.75,8.8125,4.9375],"tintindex":0,"rotation":180,"texture":"#0"}},"rotation":{"origin":[9.52476,12.867251,10.384544],"angle":-22.5,"axis":"x"}},{"from":[7.299999,7.6500006,4.85],"to":[11.5,11.85,9.05],"faces":{"east":{"uv":[2.125,7.625,1.75,8.0],"tintindex":0,"rotation":0,"texture":"#0"},"south":{"uv":[7.5,6.75,7.875,7.125],"tintindex":0,"rotation":0,"texture":"#0"},"north":{"uv":[3.5,7.5,3.875,7.875],"tintindex":0,"rotation":0,"texture":"#0"},"west":{"uv":[1.75,7.625,2.125,8.0],"tintindex":0,"rotation":0,"texture":"#0"},"up":{"uv":[2.5,8.0,2.125,7.625],"tintindex":0,"rotation":0,"texture":"#0"},"down":{"uv":[5.125,7.625,4.75,8.0],"tintindex":0,"rotation":0,"texture":"#0"}}},{"from":[7.8448133,8.99565,8.0],"to":[10.644814,11.7956505,12.2],"faces":{"east":{"uv":[0.875,8.25,0.5,8.5],"tintindex":0,"rotation":0,"texture":"#0"},"south":{"uv":[8.375,4.75,8.625,5.0],"tintindex":0,"rotation":0,"texture":"#0"},"north":{"uv":[4.625,8.375,4.875,8.625],"tintindex":0,"rotation":0,"texture":"#0"},"west":{"uv":[0.5,8.25,0.875,8.5],"tintindex":0,"rotation":0,"texture":"#0"},"up":{"uv":[2.75,6.25,2.5,5.875],"tintindex":0,"rotation":0,"texture":"#0"},"down":{"uv":[7.25,8.0,7.0,8.375],"tintindex":0,"rotation":0,"texture":"#0"}},"rotation":{"origin":[9.244813,9.69565,9.75],"angle":-45.0,"axis":"x"}}],"display":{"gui":{"rotation":[30,225,0]}}}