{"textures":{"0":"modelengine:entity/watercrate"},"elements":[{"from":[7.8448133,8.99565,3.8000002],"to":[10.644814,11.7956505,8.0],"faces":{"east":{"uv":[0.5,8.25,0.875,8.5],"tintindex":0,"rotation":0,"texture":"#0"},"south":{"uv":[4.875,8.375,4.625,8.625],"tintindex":0,"rotation":0,"texture":"#0"},"north":{"uv":[8.625,4.75,8.375,5.0],"tintindex":0,"rotation":0,"texture":"#0"},"west":{"uv":[0.875,8.25,0.5,8.5],"tintindex":0,"rotation":0,"texture":"#0"},"up":{"uv":[2.75,5.875,2.5,6.25],"tintindex":0,"rotation":0,"texture":"#0"},"down":{"uv":[7.25,8.375,7.0,8.0],"tintindex":0,"rotation":0,"texture":"#0"}},"rotation":{"origin":[9.244813,9.69565,6.25],"angle":45.0,"axis":"x"}},{"from":[7.299999,7.6500006,6.95],"to":[11.5,11.85,11.15],"faces":{"east":{"uv":[1.75,7.625,2.125,8.0],"tintindex":0,"rotation":0,"texture":"#0"},"south":{"uv":[3.875,7.5,3.5,7.875],"tintindex":0,"rotation":0,"texture":"#0"},"north":{"uv":[7.875,6.75,7.5,7.125],"tintindex":0,"rotation":0,"texture":"#0"},"west":{"uv":[2.125,7.625,1.75,8.0],"tintindex":0,"rotation":0,"texture":"#0"},"up":{"uv":[2.5,7.625,2.125,8.0],"tintindex":0,"rotation":0,"texture":"#0"},"down":{"uv":[5.125,8.0,4.75,7.625],"tintindex":0,"rotation":0,"texture":"#0"}}},{"from":[8.47476,11.467252,5.265456],"to":[10.57476,14.267251,7.3654556],"faces":{"east":{"uv":[0.0,8.8125,0.25,8.625],"tintindex":0,"rotation":90,"texture":"#0"},"south":{"uv":[1.875,8.875,2.0625,8.625],"tintindex":0,"rotation":180,"texture":"#0"},"north":{"uv":[3.375,8.625,3.5625,8.875],"tintindex":0,"rotation":0,"texture":"#0"},"west":{"uv":[8.625,0.1875,8.875,0.0],"tintindex":0,"rotation":270,"texture":"#0"},"up":{"uv":[8.625,5.5625,8.8125,5.375],"tintindex":0,"rotation":0,"texture":"#0"},"down":{"uv":[8.625,4.9375,8.8125,4.75],"tintindex":0,"rotation":180,"texture":"#0"}},"rotation":{"origin":[9.52476,12.867251,5.6154556],"angle":22.5,"axis":"x"}}],"display":{"gui":{"rotation":[30,225,0]}}}