{"textures":{"0":"modelengine:entity/watercrate"},"elements":[{"from":[11.710183,8.43706,6.95],"to":[14.510182,10.537061,9.05],"faces":{"east":{"uv":[6.25,8.625,6.4375,8.8125],"tintindex":0,"rotation":0,"texture":"#0"},"south":{"uv":[8.625,3.5,8.875,3.6875],"tintindex":0,"rotation":0,"texture":"#0"},"north":{"uv":[3.625,8.625,3.875,8.8125],"tintindex":0,"rotation":0,"texture":"#0"},"west":{"uv":[8.625,6.125,8.8125,6.3125],"tintindex":0,"rotation":0,"texture":"#0"},"up":{"uv":[8.875,4.6875,8.625,4.5],"tintindex":0,"rotation":180,"texture":"#0"},"down":{"uv":[4.875,8.625,4.625,8.8125],"tintindex":0,"rotation":180,"texture":"#0"}}},{"from":[11.710183,7.7370605,6.25],"to":[13.110183,11.2370615,9.75],"faces":{"east":{"uv":[8.25,6.875,8.5625,7.125],"tintindex":0,"rotation":0,"texture":"#0"},"south":{"uv":[1.75,5.0,1.875,5.25],"tintindex":0,"rotation":0,"texture":"#0"},"north":{"uv":[4.625,7.75,4.75,8.0],"tintindex":0,"rotation":0,"texture":"#0"},"west":{"uv":[8.25,6.625,8.5625,6.875],"tintindex":0,"rotation":0,"texture":"#0"},"up":{"uv":[0.375,8.9375,0.25,8.625],"tintindex":0,"rotation":180,"texture":"#0"},"down":{"uv":[2.25,8.625,2.125,8.9375],"tintindex":0,"rotation":180,"texture":"#0"}}},{"from":[6.270978,6.9133787,5.2],"to":[10.470978,11.813378,10.8],"faces":{"east":{"uv":[4.75,7.125,5.25,7.5625],"tintindex":0,"rotation":0,"texture":"#0"},"south":{"uv":[1.0,7.375,1.375,7.8125],"tintindex":0,"rotation":0,"texture":"#0"},"north":{"uv":[1.375,7.375,1.0,7.8125],"tintindex":0,"rotation":0,"texture":"#0"},"west":{"uv":[3.625,7.0,4.125,7.4375],"tintindex":0,"rotation":0,"texture":"#0"},"up":{"uv":[6.5,7.375,6.125,6.875],"tintindex":0,"rotation":180,"texture":"#0"},"down":{"uv":[5.625,7.25,5.25,7.75],"tintindex":0,"rotation":180,"texture":"#0"}}},{"from":[6.110183,6.6870604,4.85],"to":[11.710183,12.287061,11.15],"faces":{"east":{"uv":[4.75,6.625,5.3125,7.125],"tintindex":0,"rotation":0,"texture":"#0"},"south":{"uv":[6.875,0.5,7.375,1.0],"tintindex":0,"rotation":0,"texture":"#0"},"north":{"uv":[6.875,1.0,7.375,1.5],"tintindex":0,"rotation":0,"texture":"#0"},"west":{"uv":[6.625,2.0,7.1875,2.5],"tintindex":0,"rotation":0,"texture":"#0"},"up":{"uv":[7.125,5.3125,6.625,4.75],"tintindex":0,"rotation":180,"texture":"#0"},"down":{"uv":[5.875,6.625,5.375,7.1875],"tintindex":0,"rotation":180,"texture":"#0"}}}],"display":{"gui":{"rotation":[30,225,0]}}}