{"textures":{"0":"modelengine:entity/watercrate"},"elements":[{"from":[1.9380999,9.422234,-10.732422],"to":[7.5381,12.222234,-9.332422],"faces":{"east":{"uv":[6.75,8.625,6.625,8.875],"tintindex":0,"rotation":0,"texture":"#0"},"south":{"uv":[1.75,5.0,1.25,5.25],"tintindex":0,"rotation":0,"texture":"#0"},"north":{"uv":[8.25,2.5,7.75,2.75],"tintindex":0,"rotation":0,"texture":"#0"},"west":{"uv":[8.75,6.625,8.625,6.875],"tintindex":0,"rotation":0,"texture":"#0"},"up":{"uv":[8.375,0.5,8.875,0.375],"tintindex":0,"rotation":180,"texture":"#0"},"down":{"uv":[8.375,3.0,8.875,3.125],"tintindex":0,"rotation":180,"texture":"#0"}},"rotation":{"origin":[4.7381,10.122233,-10.732422],"angle":-22.5,"axis":"z"}},{"from":[5.307084,15.658776,4.667578],"to":[8.807084,18.458778,8.167578],"faces":{"east":{"uv":[8.5625,6.375,8.25,6.625],"tintindex":0,"rotation":0,"texture":"#0"},"south":{"uv":[8.5625,6.125,8.25,6.375],"tintindex":0,"rotation":0,"texture":"#0"},"north":{"uv":[5.4375,8.25,5.125,8.5],"tintindex":0,"rotation":0,"texture":"#0"},"west":{"uv":[6.1875,8.25,5.875,8.5],"tintindex":0,"rotation":0,"texture":"#0"},"up":{"uv":[1.9375,8.0,1.625,8.3125],"tintindex":0,"rotation":180,"texture":"#0"},"down":{"uv":[2.3125,8.3125,2.0,8.0],"tintindex":0,"rotation":180,"texture":"#0"}},"rotation":{"origin":[7.057084,18.108776,5.367578],"angle":22.5,"axis":"x"}},{"from":[-2.0429163,14.958777,-4.4324217],"to":[16.157085,17.758778,3.967578],"faces":{"east":{"uv":[7.375,0.625,8.125,0.875],"tintindex":0,"rotation":0,"texture":"#0"},"south":{"uv":[6.375,2.75,8.0,3.0],"tintindex":0,"rotation":0,"texture":"#0"},"north":{"uv":[6.375,3.0,8.0,3.25],"tintindex":0,"rotation":0,"texture":"#0"},"west":{"uv":[2.75,5.25,3.5,5.5],"tintindex":0,"rotation":0,"texture":"#0"},"up":{"uv":[5.5,2.75,3.875,2.0],"tintindex":0,"rotation":180,"texture":"#0"},"down":{"uv":[5.5,2.75,3.875,3.5],"tintindex":0,"rotation":180,"texture":"#0"}}},{"from":[-2.2619,8.022234,-11.432423],"to":[1.9380999,12.222234,-9.332422],"faces":{"east":{"uv":[8.5625,0.0,8.375,0.375],"tintindex":0,"rotation":0,"texture":"#0"},"south":{"uv":[8.0,4.75,7.625,5.125],"tintindex":0,"rotation":0,"texture":"#0"},"north":{"uv":[6.875,7.625,6.5,8.0],"tintindex":0,"rotation":0,"texture":"#0"},"west":{"uv":[1.8125,8.375,1.625,8.75],"tintindex":0,"rotation":0,"texture":"#0"},"up":{"uv":[1.875,8.5625,2.25,8.375],"tintindex":0,"rotation":180,"texture":"#0"},"down":{"uv":[8.375,2.75,8.75,2.9375],"tintindex":0,"rotation":180,"texture":"#0"}},"rotation":{"origin":[4.7381,10.122233,-10.732422],"angle":-22.5,"axis":"z"}},{"from":[4.957084,15.658776,-8.982422],"to":[9.1570835,19.158775,-4.782422],"faces":{"east":{"uv":[3.125,7.875,3.5,8.1875],"tintindex":0,"rotation":0,"texture":"#0"},"south":{"uv":[1.25,7.875,1.625,8.1875],"tintindex":0,"rotation":0,"texture":"#0"},"north":{"uv":[2.5,7.875,2.875,8.1875],"tintindex":0,"rotation":0,"texture":"#0"},"west":{"uv":[7.875,1.5,8.25,1.8125],"tintindex":0,"rotation":0,"texture":"#0"},"up":{"uv":[2.875,7.875,2.5,7.5],"tintindex":0,"rotation":180,"texture":"#0"},"down":{"uv":[3.5,7.5,3.125,7.875],"tintindex":0,"rotation":180,"texture":"#0"}},"rotation":{"origin":[7.057084,18.108776,-5.8324223],"angle":-22.5,"axis":"x"}},{"from":[5.6570845,19.158775,-8.282421],"to":[8.457084,21.258778,-5.482422],"faces":{"east":{"uv":[8.5,8.5,8.75,8.6875],"tintindex":0,"rotation":0,"texture":"#0"},"south":{"uv":[7.75,8.5,8.0,8.6875],"tintindex":0,"rotation":0,"texture":"#0"},"north":{"uv":[8.25,8.5,8.5,8.6875],"tintindex":0,"rotation":0,"texture":"#0"},"west":{"uv":[8.0,8.5,8.25,8.6875],"tintindex":0,"rotation":0,"texture":"#0"},"up":{"uv":[6.75,7.625,6.5,7.375],"tintindex":0,"rotation":180,"texture":"#0"},"down":{"uv":[8.625,3.5,8.375,3.75],"tintindex":0,"rotation":180,"texture":"#0"}},"rotation":{"origin":[7.057084,18.108776,-5.8324223],"angle":-22.5,"axis":"x"}},{"from":[4.6070843,10.408777,-12.1324215],"to":[8.807084,14.608777,-11.432423],"faces":{"east":{"uv":[7.625,8.625,7.6875,9.0],"tintindex":0,"rotation":0,"texture":"#0"},"south":{"uv":[6.875,7.625,7.25,8.0],"tintindex":0,"rotation":0,"texture":"#0"},"north":{"uv":[7.625,7.375,8.0,7.75],"tintindex":0,"rotation":0,"texture":"#0"},"west":{"uv":[7.5,8.625,7.5625,9.0],"tintindex":0,"rotation":0,"texture":"#0"},"up":{"uv":[9.0,7.5625,8.625,7.5],"tintindex":0,"rotation":180,"texture":"#0"},"down":{"uv":[9.0,7.75,8.625,7.8125],"tintindex":0,"rotation":180,"texture":"#0"}},"rotation":{"origin":[7.057084,12.858777,-10.032421],"angle":45.0,"axis":"z"}},{"from":[-4.1429157,7.9587774,-9.682423],"to":[18.257084,9.358777,9.217578],"faces":{"east":{"uv":[7.125,4.125,8.8125,4.25],"tintindex":0,"rotation":0,"texture":"#0"},"south":{"uv":[7.125,3.75,9.125,3.875],"tintindex":0,"rotation":0,"texture":"#0"},"north":{"uv":[7.125,3.875,9.125,4.0],"tintindex":0,"rotation":0,"texture":"#0"},"west":{"uv":[7.125,4.0,8.8125,4.125],"tintindex":0,"rotation":0,"texture":"#0"},"up":{"uv":[2.0,1.6875,0.0,0.0],"tintindex":0,"rotation":180,"texture":"#0"},"down":{"uv":[2.0,1.75,0.0,3.4375],"tintindex":0,"rotation":180,"texture":"#0"}}},{"from":[6.3570843,19.858776,5.717578],"to":[7.757084,21.958778,7.117578],"faces":{"east":{"uv":[7.5,8.625,7.375,8.8125],"tintindex":0,"rotation":0,"texture":"#0"},"south":{"uv":[7.375,8.625,7.25,8.8125],"tintindex":0,"rotation":0,"texture":"#0"},"north":{"uv":[7.125,8.625,7.0,8.8125],"tintindex":0,"rotation":0,"texture":"#0"},"west":{"uv":[7.25,8.625,7.125,8.8125],"tintindex":0,"rotation":0,"texture":"#0"},"up":{"uv":[5.375,7.125,5.25,7.25],"tintindex":0,"rotation":180,"texture":"#0"},"down":{"uv":[5.25,7.75,5.125,7.625],"tintindex":0,"rotation":180,"texture":"#0"}},"rotation":{"origin":[7.057084,18.108776,5.367578],"angle":22.5,"axis":"x"}},{"from":[-4.8429155,7.9587774,-10.032421],"to":[-2.0429163,19.158775,9.567578],"faces":{"east":{"uv":[5.625,0.0,3.875,1.0],"tintindex":0,"rotation":0,"texture":"#0"},"south":{"uv":[2.0,6.625,1.75,7.625],"tintindex":0,"rotation":0,"texture":"#0"},"north":{"uv":[1.75,6.625,2.0,7.625],"tintindex":0,"rotation":0,"texture":"#0"},"west":{"uv":[5.625,1.0,3.875,2.0],"tintindex":0,"rotation":0,"texture":"#0"},"up":{"uv":[2.0,7.625,2.25,5.875],"tintindex":0,"rotation":180,"texture":"#0"},"down":{"uv":[2.25,5.875,2.5,7.625],"tintindex":0,"rotation":180,"texture":"#0"}},"rotation":{"origin":[-3.442916,13.558777,-0.23242188],"angle":-22.5,"axis":"z"}},{"from":[-6.242916,9.358777,-4.4324217],"to":[-4.8429155,10.758777,3.967578],"faces":{"east":{"uv":[8.75,3.125,8.0,3.25],"tintindex":0,"rotation":0,"texture":"#0"},"south":{"uv":[7.875,8.375,7.75,8.5],"tintindex":0,"rotation":0,"texture":"#0"},"north":{"uv":[8.625,4.5,8.5,4.625],"tintindex":0,"rotation":0,"texture":"#0"},"west":{"uv":[8.75,5.75,8.0,5.875],"tintindex":0,"rotation":0,"texture":"#0"},"up":{"uv":[0.875,9.0,1.0,8.25],"tintindex":0,"rotation":180,"texture":"#0"},"down":{"uv":[1.0,8.25,1.125,9.0],"tintindex":0,"rotation":180,"texture":"#0"}},"rotation":{"origin":[-3.442916,13.558777,-0.23242188],"angle":-22.5,"axis":"z"}},{"from":[2.157084,17.758778,-4.4324217],"to":[11.957085,19.158775,3.967578],"faces":{"east":{"uv":[8.25,3.25,9.0,3.375],"tintindex":0,"rotation":0,"texture":"#0"},"south":{"uv":[7.75,4.625,8.625,4.75],"tintindex":0,"rotation":0,"texture":"#0"},"north":{"uv":[7.875,1.875,8.75,2.0],"tintindex":0,"rotation":0,"texture":"#0"},"west":{"uv":[8.25,1.75,9.0,1.875],"tintindex":0,"rotation":0,"texture":"#0"},"up":{"uv":[3.625,6.25,2.75,5.5],"tintindex":0,"rotation":180,"texture":"#0"},"down":{"uv":[6.375,2.75,5.5,3.5],"tintindex":0,"rotation":180,"texture":"#0"}}},{"from":[3.907084,9.708777,-11.432423],"to":[9.507084,15.308778,-9.332422],"faces":{"east":{"uv":[1.375,8.25,1.5625,8.75],"tintindex":0,"rotation":0,"texture":"#0"},"south":{"uv":[6.875,4.25,7.375,4.75],"tintindex":0,"rotation":0,"texture":"#0"},"north":{"uv":[2.5,7.0,3.0,7.5],"tintindex":0,"rotation":0,"texture":"#0"},"west":{"uv":[1.125,8.25,1.3125,8.75],"tintindex":0,"rotation":0,"texture":"#0"},"up":{"uv":[8.75,1.6875,8.25,1.5],"tintindex":0,"rotation":180,"texture":"#0"},"down":{"uv":[8.75,2.5,8.25,2.6875],"tintindex":0,"rotation":180,"texture":"#0"}},"rotation":{"origin":[7.057084,12.858777,-10.032421],"angle":45.0,"axis":"z"}},{"from":[6.3570843,19.858776,-7.5824223],"to":[7.757084,21.958778,-6.1824217],"faces":{"east":{"uv":[7.375,8.625,7.5,8.8125],"tintindex":0,"rotation":0,"texture":"#0"},"south":{"uv":[7.0,8.625,7.125,8.8125],"tintindex":0,"rotation":0,"texture":"#0"},"north":{"uv":[7.25,8.625,7.375,8.8125],"tintindex":0,"rotation":0,"texture":"#0"},"west":{"uv":[7.125,8.625,7.25,8.8125],"tintindex":0,"rotation":0,"texture":"#0"},"up":{"uv":[5.375,7.25,5.25,7.125],"tintindex":0,"rotation":180,"texture":"#0"},"down":{"uv":[5.25,7.625,5.125,7.75],"tintindex":0,"rotation":180,"texture":"#0"}},"rotation":{"origin":[7.057084,18.108776,-5.8324223],"angle":-22.5,"axis":"x"}},{"from":[18.957085,9.358777,-8.6324215],"to":[20.357084,17.758778,-4.4324217],"faces":{"east":{"uv":[1.375,6.625,1.75,7.375],"tintindex":0,"rotation":0,"texture":"#0"},"south":{"uv":[4.0,8.0,4.125,8.75],"tintindex":0,"rotation":0,"texture":"#0"},"north":{"uv":[5.0,8.0,5.125,8.75],"tintindex":0,"rotation":0,"texture":"#0"},"west":{"uv":[1.0,6.625,1.375,7.375],"tintindex":0,"rotation":0,"texture":"#0"},"up":{"uv":[5.0,8.75,4.875,8.375],"tintindex":0,"rotation":180,"texture":"#0"},"down":{"uv":[4.625,8.5,4.5,8.875],"tintindex":0,"rotation":180,"texture":"#0"}},"rotation":{"origin":[17.557083,13.558777,-0.23242188],"angle":22.5,"axis":"z"}},{"from":[5.307084,8.308777,-10.942421],"to":[8.807084,11.108777,-9.122421],"faces":{"east":{"uv":[3.125,8.25,3.3125,8.75],"tintindex":0,"rotation":0,"texture":"#0"},"south":{"uv":[6.125,7.375,6.4375,7.875],"tintindex":0,"rotation":0,"texture":"#0"},"north":{"uv":[7.25,7.3125,7.5625,7.5625],"tintindex":0,"rotation":0,"texture":"#0"},"west":{"uv":[2.5,8.25,2.6875,8.75],"tintindex":0,"rotation":0,"texture":"#0"},"up":{"uv":[5.4375,8.6875,5.125,8.5],"tintindex":0,"rotation":180,"texture":"#0"},"down":{"uv":[6.1875,8.5,5.875,8.6875],"tintindex":0,"rotation":180,"texture":"#0"}}},{"from":[3.557084,9.358777,-9.332422],"to":[10.557084,17.058777,8.8675785],"faces":{"east":{"uv":[3.5,4.75,5.125,5.4375],"tintindex":0,"rotation":0,"texture":"#0"},"south":{"uv":[5.875,6.125,6.5,6.8125],"tintindex":0,"rotation":0,"texture":"#0"},"north":{"uv":[2.5,6.25,3.125,6.9375],"tintindex":0,"rotation":0,"texture":"#0"},"west":{"uv":[1.875,4.5,3.5,5.1875],"tintindex":0,"rotation":0,"texture":"#0"},"up":{"uv":[0.625,6.625,0.0,5.0],"tintindex":0,"rotation":180,"texture":"#0"},"down":{"uv":[1.25,5.0,0.625,6.625],"tintindex":0,"rotation":180,"texture":"#0"}}},{"from":[12.176068,8.022234,-11.432423],"to":[16.376068,12.222234,-9.332422],"faces":{"east":{"uv":[1.625,8.375,1.8125,8.75],"tintindex":0,"rotation":0,"texture":"#0"},"south":{"uv":[7.625,4.75,8.0,5.125],"tintindex":0,"rotation":0,"texture":"#0"},"north":{"uv":[6.5,7.625,6.875,8.0],"tintindex":0,"rotation":0,"texture":"#0"},"west":{"uv":[8.375,0.0,8.5625,0.375],"tintindex":0,"rotation":0,"texture":"#0"},"up":{"uv":[2.25,8.5625,1.875,8.375],"tintindex":0,"rotation":180,"texture":"#0"},"down":{"uv":[8.75,2.75,8.375,2.9375],"tintindex":0,"rotation":180,"texture":"#0"}},"rotation":{"origin":[9.376068,10.122233,-10.732422],"angle":22.5,"axis":"z"}},{"from":[6.5760684,9.422234,-10.732422],"to":[12.176068,12.222234,-9.332422],"faces":{"east":{"uv":[8.625,6.625,8.75,6.875],"tintindex":0,"rotation":0,"texture":"#0"},"south":{"uv":[1.25,5.0,1.75,5.25],"tintindex":0,"rotation":0,"texture":"#0"},"north":{"uv":[7.75,2.5,8.25,2.75],"tintindex":0,"rotation":0,"texture":"#0"},"west":{"uv":[6.625,8.625,6.75,8.875],"tintindex":0,"rotation":0,"texture":"#0"},"up":{"uv":[8.875,0.5,8.375,0.375],"tintindex":0,"rotation":180,"texture":"#0"},"down":{"uv":[8.875,3.0,8.375,3.125],"tintindex":0,"rotation":180,"texture":"#0"}},"rotation":{"origin":[9.376068,10.122233,-10.732422],"angle":22.5,"axis":"z"}},{"from":[4.957084,15.658776,4.3175783],"to":[9.1570835,19.158775,8.517578],"faces":{"east":{"uv":[3.5,7.875,3.125,8.1875],"tintindex":0,"rotation":0,"texture":"#0"},"south":{"uv":[2.875,7.875,2.5,8.1875],"tintindex":0,"rotation":0,"texture":"#0"},"north":{"uv":[1.625,7.875,1.25,8.1875],"tintindex":0,"rotation":0,"texture":"#0"},"west":{"uv":[8.25,1.5,7.875,1.8125],"tintindex":0,"rotation":0,"texture":"#0"},"up":{"uv":[2.875,7.5,2.5,7.875],"tintindex":0,"rotation":180,"texture":"#0"},"down":{"uv":[3.5,7.875,3.125,7.5],"tintindex":0,"rotation":180,"texture":"#0"}},"rotation":{"origin":[7.057084,18.108776,5.367578],"angle":22.5,"axis":"x"}},{"from":[3.557084,19.158775,-3.032422],"to":[10.557084,20.558777,2.5675783],"faces":{"east":{"uv":[8.375,5.625,8.875,5.75],"tintindex":0,"rotation":0,"texture":"#0"},"south":{"uv":[8.25,3.375,8.875,3.5],"tintindex":0,"rotation":0,"texture":"#0"},"north":{"uv":[7.25,8.25,7.875,8.375],"tintindex":0,"rotation":0,"texture":"#0"},"west":{"uv":[8.375,5.0,8.875,5.125],"tintindex":0,"rotation":0,"texture":"#0"},"up":{"uv":[4.25,7.0,3.625,6.5],"tintindex":0,"rotation":180,"texture":"#0"},"down":{"uv":[7.125,3.75,6.5,4.25],"tintindex":0,"rotation":180,"texture":"#0"}}},{"from":[4.957084,7.2587767,7.467578],"to":[9.1570835,10.758777,10.267578],"faces":{"east":{"uv":[3.625,8.25,3.875,8.5625],"tintindex":0,"rotation":0,"texture":"#0"},"south":{"uv":[0.5,7.875,0.875,8.1875],"tintindex":0,"rotation":0,"texture":"#0"},"north":{"uv":[0.875,7.875,1.25,8.1875],"tintindex":0,"rotation":0,"texture":"#0"},"west":{"uv":[3.375,8.25,3.625,8.5625],"tintindex":0,"rotation":0,"texture":"#0"},"up":{"uv":[3.875,4.75,3.5,4.5],"tintindex":0,"rotation":180,"texture":"#0"},"down":{"uv":[8.25,6.875,7.875,7.125],"tintindex":0,"rotation":180,"texture":"#0"}}},{"from":[16.157085,19.158775,-7.232422],"to":[18.957085,20.558777,6.767578],"faces":{"east":{"uv":[7.375,5.875,8.625,6.0],"tintindex":0,"rotation":0,"texture":"#0"},"south":{"uv":[6.25,7.875,6.5,8.0],"tintindex":0,"rotation":0,"texture":"#0"},"north":{"uv":[8.625,1.375,8.875,1.5],"tintindex":0,"rotation":0,"texture":"#0"},"west":{"uv":[7.375,1.375,8.625,1.5],"tintindex":0,"rotation":0,"texture":"#0"},"up":{"uv":[3.375,7.5,3.125,6.25],"tintindex":0,"rotation":180,"texture":"#0"},"down":{"uv":[3.625,6.25,3.375,7.5],"tintindex":0,"rotation":180,"texture":"#0"}},"rotation":{"origin":[17.557083,13.558777,-0.23242188],"angle":22.5,"axis":"z"}},{"from":[18.957085,9.358777,-4.4324217],"to":[20.357084,10.758777,3.967578],"faces":{"east":{"uv":[8.0,5.75,8.75,5.875],"tintindex":0,"rotation":0,"texture":"#0"},"south":{"uv":[7.75,8.375,7.875,8.5],"tintindex":0,"rotation":0,"texture":"#0"},"north":{"uv":[8.5,4.5,8.625,4.625],"tintindex":0,"rotation":0,"texture":"#0"},"west":{"uv":[8.0,3.125,8.75,3.25],"tintindex":0,"rotation":0,"texture":"#0"},"up":{"uv":[1.0,9.0,0.875,8.25],"tintindex":0,"rotation":180,"texture":"#0"},"down":{"uv":[1.125,8.25,1.0,9.0],"tintindex":0,"rotation":180,"texture":"#0"}},"rotation":{"origin":[17.557083,13.558777,-0.23242188],"angle":22.5,"axis":"z"}},{"from":[-6.242916,17.758778,-5.482422],"to":[-4.8429155,19.158775,5.017578],"faces":{"east":{"uv":[8.3125,6.0,7.375,6.125],"tintindex":0,"rotation":0,"texture":"#0"},"south":{"uv":[1.75,7.875,1.625,8.0],"tintindex":0,"rotation":0,"texture":"#0"},"north":{"uv":[0.5,8.375,0.375,8.5],"tintindex":0,"rotation":0,"texture":"#0"},"west":{"uv":[8.5625,5.125,7.625,5.25],"tintindex":0,"rotation":0,"texture":"#0"},"up":{"uv":[1.875,4.4375,2.0,3.5],"tintindex":0,"rotation":180,"texture":"#0"},"down":{"uv":[2.875,7.5,3.0,8.4375],"tintindex":0,"rotation":180,"texture":"#0"}},"rotation":{"origin":[-3.442916,13.558777,-0.23242188],"angle":-22.5,"axis":"z"}},{"from":[16.157085,7.9587774,-10.032421],"to":[18.957085,19.158775,9.567578],"faces":{"east":{"uv":[3.875,1.0,5.625,2.0],"tintindex":0,"rotation":0,"texture":"#0"},"south":{"uv":[1.75,6.625,2.0,7.625],"tintindex":0,"rotation":0,"texture":"#0"},"north":{"uv":[2.0,6.625,1.75,7.625],"tintindex":0,"rotation":0,"texture":"#0"},"west":{"uv":[3.875,0.0,5.625,1.0],"tintindex":0,"rotation":0,"texture":"#0"},"up":{"uv":[2.25,7.625,2.0,5.875],"tintindex":0,"rotation":180,"texture":"#0"},"down":{"uv":[2.5,5.875,2.25,7.625],"tintindex":0,"rotation":180,"texture":"#0"}},"rotation":{"origin":[17.557083,13.558777,-0.23242188],"angle":22.5,"axis":"z"}},{"from":[-6.242916,9.358777,3.967578],"to":[-4.8429155,17.758778,8.167578],"faces":{"east":{"uv":[0.625,6.625,0.25,7.375],"tintindex":0,"rotation":0,"texture":"#0"},"south":{"uv":[2.5,8.0,2.375,8.75],"tintindex":0,"rotation":0,"texture":"#0"},"north":{"uv":[4.0,8.0,3.875,8.75],"tintindex":0,"rotation":0,"texture":"#0"},"west":{"uv":[1.0,6.625,0.625,7.375],"tintindex":0,"rotation":0,"texture":"#0"},"up":{"uv":[5.5,8.625,5.625,8.25],"tintindex":0,"rotation":180,"texture":"#0"},"down":{"uv":[2.25,8.375,2.375,8.75],"tintindex":0,"rotation":180,"texture":"#0"}},"rotation":{"origin":[-3.442916,13.558777,-0.23242188],"angle":-22.5,"axis":"z"}},{"from":[18.957085,17.758778,-5.482422],"to":[20.357084,19.158775,5.017578],"faces":{"east":{"uv":[7.625,5.125,8.5625,5.25],"tintindex":0,"rotation":0,"texture":"#0"},"south":{"uv":[1.625,7.875,1.75,8.0],"tintindex":0,"rotation":0,"texture":"#0"},"north":{"uv":[0.375,8.375,0.5,8.5],"tintindex":0,"rotation":0,"texture":"#0"},"west":{"uv":[7.375,6.0,8.3125,6.125],"tintindex":0,"rotation":0,"texture":"#0"},"up":{"uv":[2.0,4.4375,1.875,3.5],"tintindex":0,"rotation":180,"texture":"#0"},"down":{"uv":[3.0,7.5,2.875,8.4375],"tintindex":0,"rotation":180,"texture":"#0"}},"rotation":{"origin":[17.557083,13.558777,-0.23242188],"angle":22.5,"axis":"z"}},{"from":[-4.8429155,19.158775,-7.232422],"to":[-2.0429163,20.558777,6.767578],"faces":{"east":{"uv":[8.625,1.375,7.375,1.5],"tintindex":0,"rotation":0,"texture":"#0"},"south":{"uv":[6.5,7.875,6.25,8.0],"tintindex":0,"rotation":0,"texture":"#0"},"north":{"uv":[8.875,1.375,8.625,1.5],"tintindex":0,"rotation":0,"texture":"#0"},"west":{"uv":[8.625,5.875,7.375,6.0],"tintindex":0,"rotation":0,"texture":"#0"},"up":{"uv":[3.125,7.5,3.375,6.25],"tintindex":0,"rotation":180,"texture":"#0"},"down":{"uv":[3.375,6.25,3.625,7.5],"tintindex":0,"rotation":180,"texture":"#0"}},"rotation":{"origin":[-3.442916,13.558777,-0.23242188],"angle":-22.5,"axis":"z"}},{"from":[-3.442916,9.358777,-8.6324215],"to":[17.557083,16.358776,8.167578],"faces":{"east":{"uv":[1.25,5.25,2.75,5.875],"tintindex":0,"rotation":0,"texture":"#0"},"south":{"uv":[5.75,4.125,3.875,4.75],"tintindex":0,"rotation":0,"texture":"#0"},"north":{"uv":[3.875,4.125,5.75,4.75],"tintindex":0,"rotation":0,"texture":"#0"},"west":{"uv":[5.125,4.75,6.625,5.375],"tintindex":0,"rotation":0,"texture":"#0"},"up":{"uv":[3.875,1.5,2.0,0.0],"tintindex":0,"rotation":180,"texture":"#0"},"down":{"uv":[3.875,1.5,2.0,3.0],"tintindex":0,"rotation":180,"texture":"#0"}}},{"from":[5.307084,15.658776,-8.6324215],"to":[8.807084,18.458778,-5.1324215],"faces":{"east":{"uv":[8.25,6.375,8.5625,6.625],"tintindex":0,"rotation":0,"texture":"#0"},"south":{"uv":[5.125,8.25,5.4375,8.5],"tintindex":0,"rotation":0,"texture":"#0"},"north":{"uv":[8.25,6.125,8.5625,6.375],"tintindex":0,"rotation":0,"texture":"#0"},"west":{"uv":[5.875,8.25,6.1875,8.5],"tintindex":0,"rotation":0,"texture":"#0"},"up":{"uv":[1.9375,8.3125,1.625,8.0],"tintindex":0,"rotation":180,"texture":"#0"},"down":{"uv":[2.3125,8.0,2.0,8.3125],"tintindex":0,"rotation":180,"texture":"#0"}},"rotation":{"origin":[7.057084,18.108776,-5.8324223],"angle":-22.5,"axis":"x"}},{"from":[-6.242916,9.358777,-8.6324215],"to":[-4.8429155,17.758778,-4.4324217],"faces":{"east":{"uv":[1.375,6.625,1.0,7.375],"tintindex":0,"rotation":0,"texture":"#0"},"south":{"uv":[4.125,8.0,4.0,8.75],"tintindex":0,"rotation":0,"texture":"#0"},"north":{"uv":[5.125,8.0,5.0,8.75],"tintindex":0,"rotation":0,"texture":"#0"},"west":{"uv":[1.75,6.625,1.375,7.375],"tintindex":0,"rotation":0,"texture":"#0"},"up":{"uv":[4.875,8.75,5.0,8.375],"tintindex":0,"rotation":180,"texture":"#0"},"down":{"uv":[4.5,8.5,4.625,8.875],"tintindex":0,"rotation":180,"texture":"#0"}},"rotation":{"origin":[-3.442916,13.558777,-0.23242188],"angle":-22.5,"axis":"z"}},{"from":[18.957085,9.358777,3.967578],"to":[20.357084,17.758778,8.167578],"faces":{"east":{"uv":[0.625,6.625,1.0,7.375],"tintindex":0,"rotation":0,"texture":"#0"},"south":{"uv":[2.375,8.0,2.5,8.75],"tintindex":0,"rotation":0,"texture":"#0"},"north":{"uv":[3.875,8.0,4.0,8.75],"tintindex":0,"rotation":0,"texture":"#0"},"west":{"uv":[0.25,6.625,0.625,7.375],"tintindex":0,"rotation":0,"texture":"#0"},"up":{"uv":[5.625,8.625,5.5,8.25],"tintindex":0,"rotation":180,"texture":"#0"},"down":{"uv":[2.375,8.375,2.25,8.75],"tintindex":0,"rotation":180,"texture":"#0"}},"rotation":{"origin":[17.557083,13.558777,-0.23242188],"angle":22.5,"axis":"z"}},{"from":[5.6570845,19.158775,5.017578],"to":[8.457084,21.258778,7.8175783],"faces":{"east":{"uv":[8.75,8.5,8.5,8.6875],"tintindex":0,"rotation":0,"texture":"#0"},"south":{"uv":[8.5,8.5,8.25,8.6875],"tintindex":0,"rotation":0,"texture":"#0"},"north":{"uv":[8.0,8.5,7.75,8.6875],"tintindex":0,"rotation":0,"texture":"#0"},"west":{"uv":[8.25,8.5,8.0,8.6875],"tintindex":0,"rotation":0,"texture":"#0"},"up":{"uv":[6.75,7.375,6.5,7.625],"tintindex":0,"rotation":180,"texture":"#0"},"down":{"uv":[8.625,3.75,8.375,3.5],"tintindex":0,"rotation":180,"texture":"#0"}},"rotation":{"origin":[7.057084,18.108776,5.367578],"angle":22.5,"axis":"x"}}],"display":{"gui":{"rotation":[30,225,0]}}}