{"textures":{"0":"modelengine:entity/firecrate"},"elements":[{"from":[7.3,7.42,7.3],"to":[8.7,10.92,8.7],"faces":{"east":{"uv":[3.75,5.125,3.875,5.4375],"tintindex":0,"rotation":0,"texture":"#0"},"south":{"uv":[1.875,3.5,2.0,3.8125],"tintindex":0,"rotation":0,"texture":"#0"},"north":{"uv":[1.75,5.0,1.875,5.3125],"tintindex":0,"rotation":0,"texture":"#0"},"west":{"uv":[1.875,3.875,2.0,4.1875],"tintindex":0,"rotation":0,"texture":"#0"},"up":{"uv":[3.625,5.125,3.75,5.25],"tintindex":0,"rotation":0,"texture":"#0"},"down":{"uv":[1.75,5.75,1.875,5.625],"tintindex":0,"rotation":0,"texture":"#0"}},"rotation":{"origin":[6.95,3.5699997,7.3],"angle":0.0,"axis":"y"}}],"display":{"gui":{"rotation":[30,225,0]}}}