{"textures":{"0":"modelengine:entity/firecrate"},"elements":[{"from":[6.95,7.42,6.95],"to":[9.049999,10.92,9.049999],"faces":{"east":{"uv":[8.25,5.375,8.4375,5.6875],"tintindex":0,"rotation":0,"texture":"#0"},"south":{"uv":[3.875,8.25,4.0625,8.5625],"tintindex":0,"rotation":0,"texture":"#0"},"north":{"uv":[4.75,8.25,4.9375,8.5625],"tintindex":0,"rotation":0,"texture":"#0"},"west":{"uv":[4.5,8.25,4.6875,8.5625],"tintindex":0,"rotation":0,"texture":"#0"},"up":{"uv":[8.375,1.125,8.5625,1.3125],"tintindex":0,"rotation":0,"texture":"#0"},"down":{"uv":[1.25,8.5625,1.4375,8.375],"tintindex":0,"rotation":0,"texture":"#0"}},"rotation":{"origin":[6.95,3.5700016,7.3],"angle":0.0,"axis":"y"}}],"display":{"gui":{"rotation":[30,225,0]}}}