{"textures":{"0":"modelengine:entity/firecrate"},"elements":[{"from":[4.15,10.693576,4.4756565],"to":[11.85,13.493575,7.2756567],"faces":{"east":{"uv":[5.75,2.75,5.5,3.0],"tintindex":0,"rotation":0,"texture":"#0"},"south":{"uv":[4.1875,7.25,3.5,7.5],"tintindex":0,"rotation":0,"texture":"#0"},"north":{"uv":[7.9375,4.375,7.25,4.625],"tintindex":0,"rotation":0,"texture":"#0"},"west":{"uv":[3.25,8.125,3.0,8.375],"tintindex":0,"rotation":0,"texture":"#0"},"up":{"uv":[7.9375,4.625,7.25,4.875],"tintindex":0,"rotation":0,"texture":"#0"},"down":{"uv":[7.9375,5.125,7.25,4.875],"tintindex":0,"rotation":0,"texture":"#0"}}},{"from":[5.9,4.3935757,4.125657],"to":[10.1,6.493576,6.2256565],"faces":{"east":{"uv":[8.5625,2.375,8.375,2.5625],"tintindex":0,"rotation":90,"texture":"#0"},"south":{"uv":[5.3125,8.0,5.125,8.375],"tintindex":0,"rotation":90,"texture":"#0"},"north":{"uv":[2.6875,8.125,2.5,8.5],"tintindex":0,"rotation":270,"texture":"#0"},"west":{"uv":[3.1875,8.5625,3.0,8.375],"tintindex":0,"rotation":90,"texture":"#0"},"up":{"uv":[2.9375,8.125,2.75,8.5],"tintindex":0,"rotation":90,"texture":"#0"},"down":{"uv":[8.3125,2.125,8.125,2.5],"tintindex":0,"rotation":90,"texture":"#0"}}},{"from":[5.2,6.493576,4.125657],"to":[10.8,10.693576,7.625657],"faces":{"east":{"uv":[1.625,8.125,1.25,8.3125],"tintindex":0,"rotation":90,"texture":"#0"},"south":{"uv":[5.0,7.0,4.625,7.5],"tintindex":0,"rotation":90,"texture":"#0"},"north":{"uv":[5.375,7.0,5.0,7.5],"tintindex":0,"rotation":270,"texture":"#0"},"west":{"uv":[2.0,8.3125,1.625,8.125],"tintindex":0,"rotation":90,"texture":"#0"},"up":{"uv":[3.8125,7.875,3.625,8.375],"tintindex":0,"rotation":90,"texture":"#0"},"down":{"uv":[3.5625,7.875,3.375,8.375],"tintindex":0,"rotation":90,"texture":"#0"}}},{"from":[6.95,9.293576,3.4256573],"to":[9.05,12.0935755,5.875657],"faces":{"east":{"uv":[4.5,8.125,4.25,8.375],"tintindex":0,"rotation":0,"texture":"#0"},"south":{"uv":[8.4375,7.0,8.25,7.25],"tintindex":0,"rotation":0,"texture":"#0"},"north":{"uv":[8.1875,8.25,8.0,8.5],"tintindex":0,"rotation":0,"texture":"#0"},"west":{"uv":[5.625,8.125,5.375,8.375],"tintindex":0,"rotation":0,"texture":"#0"},"up":{"uv":[8.4375,8.25,8.25,8.5],"tintindex":0,"rotation":0,"texture":"#0"},"down":{"uv":[8.5625,1.125,8.375,0.875],"tintindex":0,"rotation":0,"texture":"#0"}},"rotation":{"origin":[8.0,10.693576,3.950657],"angle":22.5,"axis":"x"}},{"from":[6.6,3.6935759,4.125657],"to":[9.4,4.3935757,6.2256565],"faces":{"east":{"uv":[4.1875,8.25,4.125,8.4375],"tintindex":0,"rotation":90,"texture":"#0"},"south":{"uv":[0.5625,7.125,0.5,7.375],"tintindex":0,"rotation":90,"texture":"#0"},"north":{"uv":[0.5625,7.5,0.5,7.75],"tintindex":0,"rotation":270,"texture":"#0"},"west":{"uv":[5.0625,8.4375,5.0,8.25],"tintindex":0,"rotation":90,"texture":"#0"},"up":{"uv":[7.9375,8.25,7.75,8.5],"tintindex":0,"rotation":90,"texture":"#0"},"down":{"uv":[6.8125,8.25,6.625,8.5],"tintindex":0,"rotation":90,"texture":"#0"}}}],"display":{"gui":{"rotation":[30,225,0]}}}