{"textures":{"0":"modelengine:entity/firecrate"},"elements":[{"from":[1.6275859,6.228307,0.95172405],"to":[14.227587,11.828306,3.7517242],"faces":{"east":{"uv":[7.75,6.25,7.5,6.75],"tintindex":0,"rotation":0,"texture":"#0"},"south":{"uv":[5.75,3.25,6.875,3.75],"tintindex":0,"rotation":0,"texture":"#0"},"north":{"uv":[6.875,3.25,5.75,3.75],"tintindex":0,"rotation":0,"texture":"#0"},"west":{"uv":[1.625,7.625,1.375,8.125],"tintindex":0,"rotation":0,"texture":"#0"},"up":{"uv":[4.625,6.625,3.5,6.875],"tintindex":0,"rotation":0,"texture":"#0"},"down":{"uv":[8.0,3.0,6.875,2.75],"tintindex":0,"rotation":0,"texture":"#0"}}},{"from":[-1.1724138,10.428307,14.951724],"to":[17.027588,11.828306,16.351723],"faces":{"east":{"uv":[4.0,7.875,3.875,8.0],"tintindex":0,"rotation":0,"texture":"#0"},"south":{"uv":[8.625,0.0,7.0,0.125],"tintindex":0,"rotation":0,"texture":"#0"},"north":{"uv":[8.625,0.5,7.0,0.625],"tintindex":0,"rotation":0,"texture":"#0"},"west":{"uv":[1.375,8.0,1.25,8.125],"tintindex":0,"rotation":0,"texture":"#0"},"up":{"uv":[8.625,0.625,7.0,0.75],"tintindex":0,"rotation":0,"texture":"#0"},"down":{"uv":[8.625,0.875,7.0,0.75],"tintindex":0,"rotation":0,"texture":"#0"}}},{"from":[14.227587,6.228307,0.95172405],"to":[17.027588,11.828306,14.951724],"faces":{"east":{"uv":[7.0,0.5,5.75,1.0],"tintindex":0,"rotation":0,"texture":"#0"},"south":{"uv":[7.5,7.625,7.75,8.125],"tintindex":0,"rotation":0,"texture":"#0"},"north":{"uv":[7.75,7.625,7.5,8.125],"tintindex":0,"rotation":0,"texture":"#0"},"west":{"uv":[7.0,1.0,5.75,1.5],"tintindex":0,"rotation":0,"texture":"#0"},"up":{"uv":[2.25,6.625,2.0,7.875],"tintindex":0,"rotation":0,"texture":"#0"},"down":{"uv":[2.5,7.875,2.25,6.625],"tintindex":0,"rotation":0,"texture":"#0"}}},{"from":[15.627586,6.228307,-0.44827557],"to":[18.427586,9.028307,2.3517241],"faces":{"east":{"uv":[2.0,8.25,2.25,8.5],"tintindex":0,"rotation":0,"texture":"#0"},"south":{"uv":[0.5,8.25,0.75,8.5],"tintindex":0,"rotation":0,"texture":"#0"},"north":{"uv":[1.0,8.25,1.25,8.5],"tintindex":0,"rotation":0,"texture":"#0"},"west":{"uv":[2.25,8.25,2.0,8.5],"tintindex":0,"rotation":0,"texture":"#0"},"up":{"uv":[2.25,8.25,2.5,8.5],"tintindex":0,"rotation":0,"texture":"#0"},"down":{"uv":[8.25,3.0,8.5,2.75],"tintindex":0,"rotation":0,"texture":"#0"}}},{"from":[15.627586,6.228307,13.5517235],"to":[18.427586,9.028307,16.351723],"faces":{"east":{"uv":[2.25,8.25,2.0,8.5],"tintindex":0,"rotation":0,"texture":"#0"},"south":{"uv":[1.25,8.25,1.0,8.5],"tintindex":0,"rotation":0,"texture":"#0"},"north":{"uv":[0.75,8.25,0.5,8.5],"tintindex":0,"rotation":0,"texture":"#0"},"west":{"uv":[2.0,8.25,2.25,8.5],"tintindex":0,"rotation":0,"texture":"#0"},"up":{"uv":[2.25,8.5,2.5,8.25],"tintindex":0,"rotation":0,"texture":"#0"},"down":{"uv":[8.25,2.75,8.5,3.0],"tintindex":0,"rotation":0,"texture":"#0"}}},{"from":[-2.9224138,3.481882,-0.927619],"to":[0.5775862,6.981882,2.572381],"faces":{"east":{"uv":[7.75,6.375,8.0625,6.6875],"tintindex":0,"rotation":0,"texture":"#0"},"south":{"uv":[4.5625,7.75,4.25,8.0625],"tintindex":0,"rotation":0,"texture":"#0"},"north":{"uv":[8.0625,6.0,7.75,6.3125],"tintindex":0,"rotation":0,"texture":"#0"},"west":{"uv":[8.0625,6.375,7.75,6.6875],"tintindex":0,"rotation":0,"texture":"#0"},"up":{"uv":[8.0625,7.25,7.75,7.5625],"tintindex":0,"rotation":0,"texture":"#0"},"down":{"uv":[8.0625,7.9375,7.75,7.625],"tintindex":0,"rotation":0,"texture":"#0"}},"rotation":{"origin":[-1.1724138,5.5818825,0.822381],"angle":45.0,"axis":"x"}},{"from":[1.6275859,6.228307,3.7517242],"to":[14.227587,10.428307,12.151724],"faces":{"east":{"uv":[5.375,6.625,4.625,7.0],"tintindex":0,"rotation":0,"texture":"#0"},"south":{"uv":[1.125,6.25,0.0,6.625],"tintindex":0,"rotation":0,"texture":"#0"},"north":{"uv":[3.0,6.25,1.875,6.625],"tintindex":0,"rotation":0,"texture":"#0"},"west":{"uv":[4.25,6.875,3.5,7.25],"tintindex":0,"rotation":0,"texture":"#0"},"up":{"uv":[3.625,4.5,2.5,5.25],"tintindex":0,"rotation":0,"texture":"#0"},"down":{"uv":[1.125,5.75,0.0,5.0],"tintindex":0,"rotation":0,"texture":"#0"}}},{"from":[15.277586,9.028307,-0.79827595],"to":[18.777588,11.968307,2.701724],"faces":{"east":{"uv":[7.75,8.0,8.0625,8.25],"tintindex":0,"rotation":0,"texture":"#0"},"south":{"uv":[8.0,4.625,8.3125,4.875],"tintindex":0,"rotation":0,"texture":"#0"},"north":{"uv":[8.0,5.125,8.3125,5.375],"tintindex":0,"rotation":0,"texture":"#0"},"west":{"uv":[8.0625,8.0,7.75,8.25],"tintindex":0,"rotation":0,"texture":"#0"},"up":{"uv":[7.75,2.125,8.0625,2.4375],"tintindex":0,"rotation":0,"texture":"#0"},"down":{"uv":[3.0,8.0625,3.3125,7.75],"tintindex":0,"rotation":0,"texture":"#0"}}},{"from":[14.577586,2.0818825,11.931067],"to":[19.477587,5.5818825,15.4310665],"faces":{"east":{"uv":[1.1875,7.875,0.875,8.1875],"tintindex":0,"rotation":0,"texture":"#0"},"south":{"uv":[7.9375,1.75,7.5,2.0625],"tintindex":0,"rotation":0,"texture":"#0"},"north":{"uv":[7.9375,1.375,7.5,1.6875],"tintindex":0,"rotation":0,"texture":"#0"},"west":{"uv":[0.875,7.875,1.1875,8.1875],"tintindex":0,"rotation":0,"texture":"#0"},"up":{"uv":[3.5,7.8125,3.9375,7.5],"tintindex":0,"rotation":0,"texture":"#0"},"down":{"uv":[4.625,7.5,5.0625,7.8125],"tintindex":0,"rotation":0,"texture":"#0"}},"rotation":{"origin":[17.027588,5.5818825,15.081067],"angle":-45.0,"axis":"x"}},{"from":[15.277586,3.481882,-0.927619],"to":[18.777588,6.981882,2.572381],"faces":{"east":{"uv":[7.75,6.375,8.0625,6.6875],"tintindex":0,"rotation":0,"texture":"#0"},"south":{"uv":[4.25,7.75,4.5625,8.0625],"tintindex":0,"rotation":0,"texture":"#0"},"north":{"uv":[7.75,6.0,8.0625,6.3125],"tintindex":0,"rotation":0,"texture":"#0"},"west":{"uv":[8.0625,6.375,7.75,6.6875],"tintindex":0,"rotation":0,"texture":"#0"},"up":{"uv":[7.75,7.25,8.0625,7.5625],"tintindex":0,"rotation":0,"texture":"#0"},"down":{"uv":[7.75,7.9375,8.0625,7.625],"tintindex":0,"rotation":0,"texture":"#0"}},"rotation":{"origin":[17.027588,5.5818825,0.822381],"angle":45.0,"axis":"x"}},{"from":[15.277586,3.481882,13.331067],"to":[18.777588,6.981882,16.831066],"faces":{"east":{"uv":[8.0625,6.375,7.75,6.6875],"tintindex":0,"rotation":0,"texture":"#0"},"south":{"uv":[8.0625,6.0,7.75,6.3125],"tintindex":0,"rotation":0,"texture":"#0"},"north":{"uv":[4.5625,7.75,4.25,8.0625],"tintindex":0,"rotation":0,"texture":"#0"},"west":{"uv":[7.75,6.375,8.0625,6.6875],"tintindex":0,"rotation":0,"texture":"#0"},"up":{"uv":[7.75,7.5625,8.0625,7.25],"tintindex":0,"rotation":0,"texture":"#0"},"down":{"uv":[7.75,7.625,8.0625,7.9375],"tintindex":0,"rotation":0,"texture":"#0"}},"rotation":{"origin":[17.027588,5.5818825,15.081067],"angle":-45.0,"axis":"x"}},{"from":[-1.1724138,6.228307,0.95172405],"to":[1.6275859,11.828306,14.951724],"faces":{"east":{"uv":[1.25,5.75,0.0,6.25],"tintindex":0,"rotation":0,"texture":"#0"},"south":{"uv":[7.0,7.625,7.25,8.125],"tintindex":0,"rotation":0,"texture":"#0"},"north":{"uv":[7.25,7.625,7.0,8.125],"tintindex":0,"rotation":0,"texture":"#0"},"west":{"uv":[7.0,0.5,5.75,1.0],"tintindex":0,"rotation":0,"texture":"#0"},"up":{"uv":[0.875,6.625,0.625,7.875],"tintindex":0,"rotation":0,"texture":"#0"},"down":{"uv":[1.125,7.875,0.875,6.625],"tintindex":0,"rotation":0,"texture":"#0"}}},{"from":[14.577586,2.0818825,0.47238111],"to":[19.477587,5.5818825,3.972381],"faces":{"east":{"uv":[0.875,7.875,1.1875,8.1875],"tintindex":0,"rotation":0,"texture":"#0"},"south":{"uv":[7.5,1.375,7.9375,1.6875],"tintindex":0,"rotation":0,"texture":"#0"},"north":{"uv":[7.5,1.75,7.9375,2.0625],"tintindex":0,"rotation":0,"texture":"#0"},"west":{"uv":[1.1875,7.875,0.875,8.1875],"tintindex":0,"rotation":0,"texture":"#0"},"up":{"uv":[3.5,7.5,3.9375,7.8125],"tintindex":0,"rotation":0,"texture":"#0"},"down":{"uv":[4.625,7.8125,5.0625,7.5],"tintindex":0,"rotation":0,"texture":"#0"}},"rotation":{"origin":[17.027588,5.5818825,0.822381],"angle":45.0,"axis":"x"}},{"from":[-3.6224136,2.0818825,0.47238111],"to":[1.277586,5.5818825,3.972381],"faces":{"east":{"uv":[0.875,7.875,1.1875,8.1875],"tintindex":0,"rotation":0,"texture":"#0"},"south":{"uv":[7.9375,1.375,7.5,1.6875],"tintindex":0,"rotation":0,"texture":"#0"},"north":{"uv":[7.9375,1.75,7.5,2.0625],"tintindex":0,"rotation":0,"texture":"#0"},"west":{"uv":[1.1875,7.875,0.875,8.1875],"tintindex":0,"rotation":0,"texture":"#0"},"up":{"uv":[3.9375,7.5,3.5,7.8125],"tintindex":0,"rotation":0,"texture":"#0"},"down":{"uv":[5.0625,7.8125,4.625,7.5],"tintindex":0,"rotation":0,"texture":"#0"}},"rotation":{"origin":[-1.1724138,5.5818825,0.822381],"angle":45.0,"axis":"x"}},{"from":[10.027586,10.428307,5.151724],"to":[12.827586,11.828306,7.951724],"faces":{"east":{"uv":[8.25,3.375,8.0,3.5],"tintindex":0,"rotation":0,"texture":"#0"},"south":{"uv":[8.25,2.5,8.0,2.625],"tintindex":0,"rotation":0,"texture":"#0"},"north":{"uv":[8.25,5.375,8.0,5.5],"tintindex":0,"rotation":0,"texture":"#0"},"west":{"uv":[8.375,5.75,8.125,5.875],"tintindex":0,"rotation":0,"texture":"#0"},"up":{"uv":[8.375,7.75,8.125,8.0],"tintindex":0,"rotation":0,"texture":"#0"},"down":{"uv":[8.375,8.25,8.125,8.0],"tintindex":0,"rotation":0,"texture":"#0"}}},{"from":[-2.5724134,10.428307,-0.44827557],"to":[-1.1724138,11.828306,16.351723],"faces":{"east":{"uv":[8.5,2.625,7.0,2.75],"tintindex":0,"rotation":0,"texture":"#0"},"south":{"uv":[3.375,8.125,3.25,8.25],"tintindex":0,"rotation":0,"texture":"#0"},"north":{"uv":[4.625,8.125,4.5,8.25],"tintindex":0,"rotation":0,"texture":"#0"},"west":{"uv":[7.875,7.125,6.375,7.25],"tintindex":0,"rotation":0,"texture":"#0"},"up":{"uv":[0.125,7.125,0.0,8.625],"tintindex":0,"rotation":0,"texture":"#0"},"down":{"uv":[0.25,8.625,0.125,7.125],"tintindex":0,"rotation":0,"texture":"#0"}}},{"from":[-1.1724138,10.428307,-0.44827557],"to":[17.027588,11.828306,0.95172405],"faces":{"east":{"uv":[3.5,7.75,3.375,7.875],"tintindex":0,"rotation":0,"texture":"#0"},"south":{"uv":[8.5,6.875,6.875,7.0],"tintindex":0,"rotation":0,"texture":"#0"},"north":{"uv":[8.625,0.0,7.0,0.125],"tintindex":0,"rotation":0,"texture":"#0"},"west":{"uv":[1.375,7.875,1.25,8.0],"tintindex":0,"rotation":0,"texture":"#0"},"up":{"uv":[8.625,0.125,7.0,0.25],"tintindex":0,"rotation":0,"texture":"#0"},"down":{"uv":[8.625,0.375,7.0,0.25],"tintindex":0,"rotation":0,"texture":"#0"}}},{"from":[-2.9224138,3.481882,13.331067],"to":[0.5775862,6.981882,16.831066],"faces":{"east":{"uv":[8.0625,6.375,7.75,6.6875],"tintindex":0,"rotation":0,"texture":"#0"},"south":{"uv":[7.75,6.0,8.0625,6.3125],"tintindex":0,"rotation":0,"texture":"#0"},"north":{"uv":[4.25,7.75,4.5625,8.0625],"tintindex":0,"rotation":0,"texture":"#0"},"west":{"uv":[7.75,6.375,8.0625,6.6875],"tintindex":0,"rotation":0,"texture":"#0"},"up":{"uv":[8.0625,7.5625,7.75,7.25],"tintindex":0,"rotation":0,"texture":"#0"},"down":{"uv":[8.0625,7.625,7.75,7.9375],"tintindex":0,"rotation":0,"texture":"#0"}},"rotation":{"origin":[-1.1724138,5.5818825,15.081067],"angle":-45.0,"axis":"x"}},{"from":[-2.9224138,9.028307,13.201724],"to":[0.5775862,11.968307,16.701725],"faces":{"east":{"uv":[8.0625,8.0,7.75,8.25],"tintindex":0,"rotation":0,"texture":"#0"},"south":{"uv":[8.0,5.125,8.3125,5.375],"tintindex":0,"rotation":0,"texture":"#0"},"north":{"uv":[8.0,4.625,8.3125,4.875],"tintindex":0,"rotation":0,"texture":"#0"},"west":{"uv":[7.75,8.0,8.0625,8.25],"tintindex":0,"rotation":0,"texture":"#0"},"up":{"uv":[8.0625,2.4375,7.75,2.125],"tintindex":0,"rotation":0,"texture":"#0"},"down":{"uv":[3.3125,7.75,3.0,8.0625],"tintindex":0,"rotation":0,"texture":"#0"}}},{"from":[15.277586,9.028307,13.201724],"to":[18.777588,11.968307,16.701725],"faces":{"east":{"uv":[8.0625,8.0,7.75,8.25],"tintindex":0,"rotation":0,"texture":"#0"},"south":{"uv":[8.3125,5.125,8.0,5.375],"tintindex":0,"rotation":0,"texture":"#0"},"north":{"uv":[8.3125,4.625,8.0,4.875],"tintindex":0,"rotation":0,"texture":"#0"},"west":{"uv":[7.75,8.0,8.0625,8.25],"tintindex":0,"rotation":0,"texture":"#0"},"up":{"uv":[7.75,2.4375,8.0625,2.125],"tintindex":0,"rotation":0,"texture":"#0"},"down":{"uv":[3.0,7.75,3.3125,8.0625],"tintindex":0,"rotation":0,"texture":"#0"}}},{"from":[1.6275859,6.228307,12.151724],"to":[14.227587,11.828306,14.951724],"faces":{"east":{"uv":[2.75,7.625,2.5,8.125],"tintindex":0,"rotation":0,"texture":"#0"},"south":{"uv":[5.75,3.25,6.875,3.75],"tintindex":0,"rotation":0,"texture":"#0"},"north":{"uv":[6.875,5.5,5.75,6.0],"tintindex":0,"rotation":0,"texture":"#0"},"west":{"uv":[3.0,7.625,2.75,8.125],"tintindex":0,"rotation":0,"texture":"#0"},"up":{"uv":[8.0,3.0,6.875,3.25],"tintindex":0,"rotation":0,"texture":"#0"},"down":{"uv":[8.0,3.5,6.875,3.25],"tintindex":0,"rotation":0,"texture":"#0"}}},{"from":[-3.6224136,2.0818825,11.931067],"to":[1.277586,5.5818825,15.4310665],"faces":{"east":{"uv":[1.1875,7.875,0.875,8.1875],"tintindex":0,"rotation":0,"texture":"#0"},"south":{"uv":[7.5,1.75,7.9375,2.0625],"tintindex":0,"rotation":0,"texture":"#0"},"north":{"uv":[7.5,1.375,7.9375,1.6875],"tintindex":0,"rotation":0,"texture":"#0"},"west":{"uv":[0.875,7.875,1.1875,8.1875],"tintindex":0,"rotation":0,"texture":"#0"},"up":{"uv":[3.9375,7.8125,3.5,7.5],"tintindex":0,"rotation":0,"texture":"#0"},"down":{"uv":[5.0625,7.5,4.625,7.8125],"tintindex":0,"rotation":0,"texture":"#0"}},"rotation":{"origin":[-1.1724138,5.5818825,15.081067],"angle":-45.0,"axis":"x"}},{"from":[-2.5724134,6.228307,-0.44827557],"to":[0.22758627,9.028307,2.3517241],"faces":{"east":{"uv":[2.0,8.25,2.25,8.5],"tintindex":0,"rotation":0,"texture":"#0"},"south":{"uv":[0.75,8.25,0.5,8.5],"tintindex":0,"rotation":0,"texture":"#0"},"north":{"uv":[1.25,8.25,1.0,8.5],"tintindex":0,"rotation":0,"texture":"#0"},"west":{"uv":[2.25,8.25,2.0,8.5],"tintindex":0,"rotation":0,"texture":"#0"},"up":{"uv":[2.5,8.25,2.25,8.5],"tintindex":0,"rotation":0,"texture":"#0"},"down":{"uv":[8.5,3.0,8.25,2.75],"tintindex":0,"rotation":0,"texture":"#0"}}},{"from":[3.027586,10.428307,6.5517244],"to":[7.2275863,11.828306,10.751724],"faces":{"east":{"uv":[1.75,6.5,1.375,6.625],"tintindex":0,"rotation":0,"texture":"#0"},"south":{"uv":[2.25,6.125,1.875,6.25],"tintindex":0,"rotation":0,"texture":"#0"},"north":{"uv":[7.75,2.5,7.375,2.625],"tintindex":0,"rotation":0,"texture":"#0"},"west":{"uv":[7.875,6.75,7.5,6.875],"tintindex":0,"rotation":0,"texture":"#0"},"up":{"uv":[4.625,7.375,4.25,7.75],"tintindex":0,"rotation":0,"texture":"#0"},"down":{"uv":[7.75,7.625,7.375,7.25],"tintindex":0,"rotation":0,"texture":"#0"}}},{"from":[-2.9224138,9.028307,-0.79827595],"to":[0.5775862,11.968307,2.701724],"faces":{"east":{"uv":[7.75,8.0,8.0625,8.25],"tintindex":0,"rotation":0,"texture":"#0"},"south":{"uv":[8.3125,4.625,8.0,4.875],"tintindex":0,"rotation":0,"texture":"#0"},"north":{"uv":[8.3125,5.125,8.0,5.375],"tintindex":0,"rotation":0,"texture":"#0"},"west":{"uv":[8.0625,8.0,7.75,8.25],"tintindex":0,"rotation":0,"texture":"#0"},"up":{"uv":[8.0625,2.125,7.75,2.4375],"tintindex":0,"rotation":0,"texture":"#0"},"down":{"uv":[3.3125,8.0625,3.0,7.75],"tintindex":0,"rotation":0,"texture":"#0"}}},{"from":[8.627586,10.428307,9.351725],"to":[10.027586,11.828306,10.751724],"faces":{"east":{"uv":[5.75,6.125,5.625,6.25],"tintindex":0,"rotation":0,"texture":"#0"},"south":{"uv":[3.875,5.75,3.75,5.875],"tintindex":0,"rotation":0,"texture":"#0"},"north":{"uv":[1.875,6.5,1.75,6.625],"tintindex":0,"rotation":0,"texture":"#0"},"west":{"uv":[1.75,7.625,1.625,7.75],"tintindex":0,"rotation":0,"texture":"#0"},"up":{"uv":[7.75,6.0,7.625,6.125],"tintindex":0,"rotation":0,"texture":"#0"},"down":{"uv":[7.75,6.25,7.625,6.125],"tintindex":0,"rotation":0,"texture":"#0"}}},{"from":[-2.5724134,6.228307,13.5517235],"to":[0.22758627,9.028307,16.351723],"faces":{"east":{"uv":[2.25,8.25,2.0,8.5],"tintindex":0,"rotation":0,"texture":"#0"},"south":{"uv":[1.0,8.25,1.25,8.5],"tintindex":0,"rotation":0,"texture":"#0"},"north":{"uv":[0.5,8.25,0.75,8.5],"tintindex":0,"rotation":0,"texture":"#0"},"west":{"uv":[2.0,8.25,2.25,8.5],"tintindex":0,"rotation":0,"texture":"#0"},"up":{"uv":[2.5,8.5,2.25,8.25],"tintindex":0,"rotation":0,"texture":"#0"},"down":{"uv":[8.5,2.75,8.25,3.0],"tintindex":0,"rotation":0,"texture":"#0"}}},{"from":[-2.222413,4.8283067,-0.09827614],"to":[18.077587,6.9283066,16.001724],"faces":{"east":{"uv":[8.3125,3.75,6.875,3.9375],"tintindex":0,"rotation":0,"texture":"#0"},"south":{"uv":[5.3125,6.375,3.5,6.5625],"tintindex":0,"rotation":0,"texture":"#0"},"north":{"uv":[5.3125,6.375,3.5,6.5625],"tintindex":0,"rotation":0,"texture":"#0"},"west":{"uv":[8.3125,3.75,6.875,3.9375],"tintindex":0,"rotation":0,"texture":"#0"},"up":{"uv":[3.8125,3.0,2.0,4.4375],"tintindex":0,"rotation":0,"texture":"#0"},"down":{"uv":[1.8125,4.9375,0.0,3.5],"tintindex":0,"rotation":0,"texture":"#0"}}},{"from":[17.027588,10.428307,-0.44827557],"to":[18.427586,11.828306,16.351723],"faces":{"east":{"uv":[7.875,7.125,6.375,7.25],"tintindex":0,"rotation":0,"texture":"#0"},"south":{"uv":[6.75,8.125,6.625,8.25],"tintindex":0,"rotation":0,"texture":"#0"},"north":{"uv":[8.375,2.5,8.25,2.625],"tintindex":0,"rotation":0,"texture":"#0"},"west":{"uv":[8.75,4.25,7.25,4.375],"tintindex":0,"rotation":0,"texture":"#0"},"up":{"uv":[0.375,7.125,0.25,8.625],"tintindex":0,"rotation":0,"texture":"#0"},"down":{"uv":[0.5,8.625,0.375,7.125],"tintindex":0,"rotation":0,"texture":"#0"}}}],"display":{"gui":{"rotation":[30,225,0]}}}