{"textures":{"0":"modelengine:entity/firecrate"},"elements":[{"from":[-5.192916,9.828776,6.4324217],"to":[-1.6929159,12.628777,9.232422],"faces":{"east":{"uv":[8.125,6.25,8.375,6.5],"tintindex":0,"rotation":0,"texture":"#0"},"south":{"uv":[6.0,7.875,6.3125,8.125],"tintindex":0,"rotation":0,"texture":"#0"},"north":{"uv":[7.875,5.5,8.1875,5.75],"tintindex":0,"rotation":0,"texture":"#0"},"west":{"uv":[6.375,8.125,6.625,8.375],"tintindex":0,"rotation":0,"texture":"#0"},"up":{"uv":[6.6875,8.125,6.375,7.875],"tintindex":0,"rotation":0,"texture":"#0"},"down":{"uv":[8.1875,7.0,7.875,7.25],"tintindex":0,"rotation":0,"texture":"#0"}}},{"from":[-3.442916,15.078776,-4.767578],"to":[17.557083,17.878777,3.6324215],"faces":{"east":{"uv":[4.5,5.875,3.75,6.125],"tintindex":0,"rotation":0,"texture":"#0"},"south":{"uv":[3.75,6.125,5.625,6.375],"tintindex":0,"rotation":0,"texture":"#0"},"north":{"uv":[5.625,6.125,3.75,6.375],"tintindex":0,"rotation":0,"texture":"#0"},"west":{"uv":[6.375,7.0,5.625,7.25],"tintindex":0,"rotation":0,"texture":"#0"},"up":{"uv":[5.75,0.0,3.875,0.75],"tintindex":0,"rotation":0,"texture":"#0"},"down":{"uv":[5.75,1.5,3.875,0.75],"tintindex":0,"rotation":0,"texture":"#0"}}},{"from":[17.039907,16.376598,5.067422],"to":[20.539907,19.176598,7.867422],"faces":{"east":{"uv":[8.375,7.5,8.125,7.75],"tintindex":0,"rotation":0,"texture":"#0"},"south":{"uv":[8.3125,3.125,8.0,3.375],"tintindex":0,"rotation":0,"texture":"#0"},"north":{"uv":[8.3125,1.875,8.0,2.125],"tintindex":0,"rotation":0,"texture":"#0"},"west":{"uv":[7.75,8.125,7.5,8.375],"tintindex":0,"rotation":0,"texture":"#0"},"up":{"uv":[3.875,8.25,4.1875,8.0],"tintindex":0,"rotation":0,"texture":"#0"},"down":{"uv":[8.0,4.375,8.3125,4.625],"tintindex":0,"rotation":0,"texture":"#0"}},"rotation":{"origin":[18.789907,19.176598,-2.0025787],"angle":-22.5,"axis":"z"}},{"from":[11.305958,22.71276,-1.9675779],"to":[14.105959,24.112759,0.8324218],"faces":{"east":{"uv":[7.875,6.75,8.125,6.875],"tintindex":0,"rotation":0,"texture":"#0"},"south":{"uv":[1.125,7.75,1.375,7.875],"tintindex":0,"rotation":0,"texture":"#0"},"north":{"uv":[7.875,5.75,8.125,5.875],"tintindex":0,"rotation":0,"texture":"#0"},"west":{"uv":[7.75,2.5,8.0,2.625],"tintindex":0,"rotation":0,"texture":"#0"},"up":{"uv":[7.25,8.125,7.5,8.375],"tintindex":0,"rotation":0,"texture":"#0"},"down":{"uv":[8.125,7.5,8.375,7.25],"tintindex":0,"rotation":0,"texture":"#0"}},"rotation":{"origin":[23.20596,18.862759,-0.60257816],"angle":22.5,"axis":"z"}},{"from":[19.005959,11.597684,2.9324217],"to":[21.805958,14.397683,4.332422],"faces":{"east":{"uv":[1.875,5.375,1.75,5.625],"tintindex":0,"rotation":0,"texture":"#0"},"south":{"uv":[6.375,8.125,6.125,8.375],"tintindex":0,"rotation":0,"texture":"#0"},"north":{"uv":[8.375,6.0,8.125,6.25],"tintindex":0,"rotation":0,"texture":"#0"},"west":{"uv":[2.0,4.25,1.875,4.5],"tintindex":0,"rotation":0,"texture":"#0"},"up":{"uv":[2.25,6.25,2.5,6.125],"tintindex":0,"rotation":0,"texture":"#0"},"down":{"uv":[3.5,6.25,3.75,6.375],"tintindex":0,"rotation":0,"texture":"#0"}},"rotation":{"origin":[20.405958,12.997684,3.6324215],"angle":-45.0,"axis":"z"}},{"from":[-4.1429157,8.078776,-10.017578],"to":[18.257084,9.478777,8.8824215],"faces":{"east":{"uv":[8.5625,4.125,6.875,4.25],"tintindex":0,"rotation":0,"texture":"#0"},"south":{"uv":[8.0,5.375,6.0,5.5],"tintindex":0,"rotation":0,"texture":"#0"},"north":{"uv":[8.875,4.0,6.875,4.125],"tintindex":0,"rotation":0,"texture":"#0"},"west":{"uv":[8.5625,5.875,6.875,6.0],"tintindex":0,"rotation":0,"texture":"#0"},"up":{"uv":[2.0,0.0,0.0,1.6875],"tintindex":0,"rotation":0,"texture":"#0"},"down":{"uv":[2.0,3.4375,0.0,1.75],"tintindex":0,"rotation":0,"texture":"#0"}}},{"from":[-9.472094,19.779549,-3.3675785],"to":[-5.272094,23.97955,2.2324219],"faces":{"east":{"uv":[7.5,1.375,7.0,1.75],"tintindex":0,"rotation":0,"texture":"#0"},"south":{"uv":[7.375,7.25,7.0,7.625],"tintindex":0,"rotation":0,"texture":"#0"},"north":{"uv":[7.0,7.25,7.375,7.625],"tintindex":0,"rotation":0,"texture":"#0"},"west":{"uv":[7.5,1.75,7.0,2.125],"tintindex":0,"rotation":0,"texture":"#0"},"up":{"uv":[4.625,6.875,4.25,7.375],"tintindex":0,"rotation":0,"texture":"#0"},"down":{"uv":[7.375,2.625,7.0,2.125],"tintindex":0,"rotation":0,"texture":"#0"}},"rotation":{"origin":[-8.422094,20.47955,-0.5675783],"angle":-45.0,"axis":"z"}},{"from":[-7.6917906,18.51276,-4.0675783],"to":[6.30821,22.71276,2.9324217],"faces":{"east":{"uv":[7.5,5.5,6.875,5.875],"tintindex":0,"rotation":0,"texture":"#0"},"south":{"uv":[7.25,4.625,6.0,5.0],"tintindex":0,"rotation":0,"texture":"#0"},"north":{"uv":[6.0,4.625,7.25,5.0],"tintindex":0,"rotation":0,"texture":"#0"},"west":{"uv":[7.5,6.5,6.875,6.875],"tintindex":0,"rotation":0,"texture":"#0"},"up":{"uv":[3.75,5.25,2.5,5.875],"tintindex":0,"rotation":0,"texture":"#0"},"down":{"uv":[5.75,6.125,4.5,5.5],"tintindex":0,"rotation":0,"texture":"#0"}},"rotation":{"origin":[-9.091789,18.862759,-0.60257816],"angle":-22.5,"axis":"z"}},{"from":[20.086262,23.97955,-1.6175785],"to":[22.186262,25.379547,0.48242188],"faces":{"east":{"uv":[8.375,3.25,8.5625,3.375],"tintindex":0,"rotation":0,"texture":"#0"},"south":{"uv":[8.25,3.375,8.4375,3.5],"tintindex":0,"rotation":0,"texture":"#0"},"north":{"uv":[3.25,8.375,3.4375,8.5],"tintindex":0,"rotation":0,"texture":"#0"},"west":{"uv":[8.375,3.125,8.5625,3.25],"tintindex":0,"rotation":0,"texture":"#0"},"up":{"uv":[8.375,1.875,8.5625,2.0625],"tintindex":0,"rotation":0,"texture":"#0"},"down":{"uv":[8.375,2.3125,8.5625,2.125],"tintindex":0,"rotation":0,"texture":"#0"}},"rotation":{"origin":[22.536263,20.47955,-0.5675783],"angle":45.0,"axis":"z"}},{"from":[-4.8429155,10.178777,-8.967579],"to":[-2.0429163,16.478775,7.8324213],"faces":{"east":{"uv":[6.0,4.25,4.5,4.8125],"tintindex":0,"rotation":0,"texture":"#0"},"south":{"uv":[6.75,7.25,6.5,7.8125],"tintindex":0,"rotation":0,"texture":"#0"},"north":{"uv":[7.0,7.25,6.75,7.8125],"tintindex":0,"rotation":0,"texture":"#0"},"west":{"uv":[6.0,4.875,4.5,5.4375],"tintindex":0,"rotation":0,"texture":"#0"},"up":{"uv":[3.25,6.25,3.0,7.75],"tintindex":0,"rotation":0,"texture":"#0"},"down":{"uv":[3.5,7.75,3.25,6.25],"tintindex":0,"rotation":0,"texture":"#0"}}},{"from":[-5.9417906,11.947683,0.8324218],"to":[-3.8417902,14.047683,2.2324219],"faces":{"east":{"uv":[3.75,5.5,3.875,5.6875],"tintindex":0,"rotation":0,"texture":"#0"},"south":{"uv":[1.75,8.375,1.9375,8.5625],"tintindex":0,"rotation":0,"texture":"#0"},"north":{"uv":[8.375,1.625,8.5625,1.8125],"tintindex":0,"rotation":0,"texture":"#0"},"west":{"uv":[1.125,6.25,1.25,6.4375],"tintindex":0,"rotation":0,"texture":"#0"},"up":{"uv":[8.3125,6.875,8.125,6.75],"tintindex":0,"rotation":0,"texture":"#0"},"down":{"uv":[8.4375,3.0,8.25,3.125],"tintindex":0,"rotation":0,"texture":"#0"}}},{"from":[17.95596,11.947683,-3.3675785],"to":[20.055958,14.047683,-1.9675779],"faces":{"east":{"uv":[1.125,6.25,1.25,6.4375],"tintindex":0,"rotation":0,"texture":"#0"},"south":{"uv":[8.375,1.625,8.5625,1.8125],"tintindex":0,"rotation":0,"texture":"#0"},"north":{"uv":[1.75,8.375,1.9375,8.5625],"tintindex":0,"rotation":0,"texture":"#0"},"west":{"uv":[3.75,5.5,3.875,5.6875],"tintindex":0,"rotation":0,"texture":"#0"},"up":{"uv":[8.125,6.75,8.3125,6.875],"tintindex":0,"rotation":0,"texture":"#0"},"down":{"uv":[8.25,3.125,8.4375,3.0],"tintindex":0,"rotation":0,"texture":"#0"}}},{"from":[7.8059583,18.51276,-4.0675783],"to":[21.805958,22.71276,2.9324217],"faces":{"east":{"uv":[6.875,6.5,7.5,6.875],"tintindex":0,"rotation":0,"texture":"#0"},"south":{"uv":[6.0,4.625,7.25,5.0],"tintindex":0,"rotation":0,"texture":"#0"},"north":{"uv":[7.25,4.625,6.0,5.0],"tintindex":0,"rotation":0,"texture":"#0"},"west":{"uv":[6.875,5.5,7.5,5.875],"tintindex":0,"rotation":0,"texture":"#0"},"up":{"uv":[2.5,5.25,3.75,5.875],"tintindex":0,"rotation":0,"texture":"#0"},"down":{"uv":[4.5,6.125,5.75,5.5],"tintindex":0,"rotation":0,"texture":"#0"}},"rotation":{"origin":[23.20596,18.862759,-0.60257816],"angle":22.5,"axis":"z"}},{"from":[15.155958,22.71276,-1.9675779],"to":[17.95596,24.112759,0.8324218],"faces":{"east":{"uv":[7.875,6.75,8.125,6.875],"tintindex":0,"rotation":0,"texture":"#0"},"south":{"uv":[1.125,7.75,1.375,7.875],"tintindex":0,"rotation":0,"texture":"#0"},"north":{"uv":[7.875,5.75,8.125,5.875],"tintindex":0,"rotation":0,"texture":"#0"},"west":{"uv":[7.75,2.5,8.0,2.625],"tintindex":0,"rotation":0,"texture":"#0"},"up":{"uv":[7.25,8.125,7.5,8.375],"tintindex":0,"rotation":0,"texture":"#0"},"down":{"uv":[8.125,7.5,8.375,7.25],"tintindex":0,"rotation":0,"texture":"#0"}},"rotation":{"origin":[23.20596,18.862759,-0.60257816],"angle":22.5,"axis":"z"}},{"from":[15.807084,13.118776,6.4324217],"to":[19.307083,15.9187765,9.232422],"faces":{"east":{"uv":[6.625,8.125,6.375,8.375],"tintindex":0,"rotation":0,"texture":"#0"},"south":{"uv":[6.3125,7.875,6.0,8.125],"tintindex":0,"rotation":0,"texture":"#0"},"north":{"uv":[8.1875,5.5,7.875,5.75],"tintindex":0,"rotation":0,"texture":"#0"},"west":{"uv":[8.375,6.25,8.125,6.5],"tintindex":0,"rotation":0,"texture":"#0"},"up":{"uv":[6.375,8.125,6.6875,7.875],"tintindex":0,"rotation":0,"texture":"#0"},"down":{"uv":[7.875,7.0,8.1875,7.25],"tintindex":0,"rotation":0,"texture":"#0"}}},{"from":[19.386261,19.779549,-3.3675785],"to":[23.586262,23.97955,2.2324219],"faces":{"east":{"uv":[7.0,1.75,7.5,2.125],"tintindex":0,"rotation":0,"texture":"#0"},"south":{"uv":[7.0,7.25,7.375,7.625],"tintindex":0,"rotation":0,"texture":"#0"},"north":{"uv":[7.375,7.25,7.0,7.625],"tintindex":0,"rotation":0,"texture":"#0"},"west":{"uv":[7.0,1.375,7.5,1.75],"tintindex":0,"rotation":0,"texture":"#0"},"up":{"uv":[4.25,6.875,4.625,7.375],"tintindex":0,"rotation":0,"texture":"#0"},"down":{"uv":[7.0,2.625,7.375,2.125],"tintindex":0,"rotation":0,"texture":"#0"}},"rotation":{"origin":[22.536263,20.47955,-0.5675783],"angle":45.0,"axis":"z"}},{"from":[-5.192916,9.828776,-10.3675785],"to":[-1.6929159,12.628777,-7.5675783],"faces":{"east":{"uv":[8.375,6.25,8.125,6.5],"tintindex":0,"rotation":0,"texture":"#0"},"south":{"uv":[8.1875,5.5,7.875,5.75],"tintindex":0,"rotation":0,"texture":"#0"},"north":{"uv":[6.3125,7.875,6.0,8.125],"tintindex":0,"rotation":0,"texture":"#0"},"west":{"uv":[6.625,8.125,6.375,8.375],"tintindex":0,"rotation":0,"texture":"#0"},"up":{"uv":[6.6875,7.875,6.375,8.125],"tintindex":0,"rotation":0,"texture":"#0"},"down":{"uv":[8.1875,7.25,7.875,7.0],"tintindex":0,"rotation":0,"texture":"#0"}}},{"from":[-7.6917906,11.597684,-5.467579],"to":[-4.8917904,14.397683,-4.0675783],"faces":{"east":{"uv":[2.0,4.25,1.875,4.5],"tintindex":0,"rotation":0,"texture":"#0"},"south":{"uv":[8.375,6.0,8.125,6.25],"tintindex":0,"rotation":0,"texture":"#0"},"north":{"uv":[6.375,8.125,6.125,8.375],"tintindex":0,"rotation":0,"texture":"#0"},"west":{"uv":[1.875,5.375,1.75,5.625],"tintindex":0,"rotation":0,"texture":"#0"},"up":{"uv":[2.5,6.125,2.25,6.25],"tintindex":0,"rotation":0,"texture":"#0"},"down":{"uv":[3.75,6.375,3.5,6.25],"tintindex":0,"rotation":0,"texture":"#0"}},"rotation":{"origin":[-6.29179,12.997684,-4.767578],"angle":45.0,"axis":"z"}},{"from":[17.389908,15.676599,-7.602578],"to":[20.189907,19.876598,6.4674215],"faces":{"east":{"uv":[6.0,4.25,7.25,4.625],"tintindex":0,"rotation":0,"texture":"#0"},"south":{"uv":[2.0,7.875,2.25,8.25],"tintindex":0,"rotation":0,"texture":"#0"},"north":{"uv":[2.25,7.875,2.5,8.25],"tintindex":0,"rotation":0,"texture":"#0"},"west":{"uv":[2.5,5.875,3.75,6.25],"tintindex":0,"rotation":0,"texture":"#0"},"up":{"uv":[5.375,6.375,5.625,7.625],"tintindex":0,"rotation":0,"texture":"#0"},"down":{"uv":[1.125,7.75,1.375,6.5],"tintindex":0,"rotation":0,"texture":"#0"}},"rotation":{"origin":[18.789907,19.176598,-0.53257847],"angle":-22.5,"axis":"z"}},{"from":[3.557084,9.478777,-9.66758],"to":[10.557084,17.178776,8.532422],"faces":{"east":{"uv":[5.5,1.5,3.875,2.1875],"tintindex":0,"rotation":0,"texture":"#0"},"south":{"uv":[1.75,5.0,1.125,5.6875],"tintindex":0,"rotation":0,"texture":"#0"},"north":{"uv":[1.875,5.75,1.25,6.4375],"tintindex":0,"rotation":0,"texture":"#0"},"west":{"uv":[5.5,2.25,3.875,2.9375],"tintindex":0,"rotation":0,"texture":"#0"},"up":{"uv":[4.5,4.25,3.875,5.875],"tintindex":0,"rotation":0,"texture":"#0"},"down":{"uv":[2.5,6.125,1.875,4.5],"tintindex":0,"rotation":0,"texture":"#0"}}},{"from":[16.157085,10.178777,-8.967579],"to":[18.957085,16.478775,7.8324213],"faces":{"east":{"uv":[4.5,4.875,6.0,5.4375],"tintindex":0,"rotation":0,"texture":"#0"},"south":{"uv":[6.5,7.25,6.75,7.8125],"tintindex":0,"rotation":0,"texture":"#0"},"north":{"uv":[6.75,7.25,7.0,7.8125],"tintindex":0,"rotation":0,"texture":"#0"},"west":{"uv":[4.5,4.25,6.0,4.8125],"tintindex":0,"rotation":0,"texture":"#0"},"up":{"uv":[3.0,6.25,3.25,7.75],"tintindex":0,"rotation":0,"texture":"#0"},"down":{"uv":[3.25,7.75,3.5,6.25],"tintindex":0,"rotation":0,"texture":"#0"}}},{"from":[19.355957,11.947683,-6.1675777],"to":[21.45596,14.047683,5.0324216],"faces":{"east":{"uv":[7.0,1.125,8.0,1.3125],"tintindex":0,"rotation":0,"texture":"#0"},"south":{"uv":[1.6875,8.375,1.5,8.5625],"tintindex":0,"rotation":0,"texture":"#0"},"north":{"uv":[1.5,8.375,1.6875,8.5625],"tintindex":0,"rotation":0,"texture":"#0"},"west":{"uv":[7.0,0.875,8.0,1.0625],"tintindex":0,"rotation":0,"texture":"#0"},"up":{"uv":[2.5,6.625,2.6875,7.625],"tintindex":0,"rotation":0,"texture":"#0"},"down":{"uv":[2.75,7.625,2.9375,6.625],"tintindex":0,"rotation":0,"texture":"#0"}},"rotation":{"origin":[20.405958,12.997684,-4.767578],"angle":-45.0,"axis":"z"}},{"from":[-5.9417906,11.947683,-3.3675785],"to":[-3.8417902,14.047683,-1.9675779],"faces":{"east":{"uv":[3.875,5.5,3.75,5.6875],"tintindex":0,"rotation":0,"texture":"#0"},"south":{"uv":[8.5625,1.625,8.375,1.8125],"tintindex":0,"rotation":0,"texture":"#0"},"north":{"uv":[1.9375,8.375,1.75,8.5625],"tintindex":0,"rotation":0,"texture":"#0"},"west":{"uv":[1.25,6.25,1.125,6.4375],"tintindex":0,"rotation":0,"texture":"#0"},"up":{"uv":[8.3125,6.75,8.125,6.875],"tintindex":0,"rotation":0,"texture":"#0"},"down":{"uv":[8.4375,3.125,8.25,3.0],"tintindex":0,"rotation":0,"texture":"#0"}}},{"from":[17.95596,11.947683,0.8324218],"to":[20.055958,14.047683,2.2324219],"faces":{"east":{"uv":[1.25,6.25,1.125,6.4375],"tintindex":0,"rotation":0,"texture":"#0"},"south":{"uv":[1.9375,8.375,1.75,8.5625],"tintindex":0,"rotation":0,"texture":"#0"},"north":{"uv":[8.5625,1.625,8.375,1.8125],"tintindex":0,"rotation":0,"texture":"#0"},"west":{"uv":[3.875,5.5,3.75,5.6875],"tintindex":0,"rotation":0,"texture":"#0"},"up":{"uv":[8.125,6.875,8.3125,6.75],"tintindex":0,"rotation":0,"texture":"#0"},"down":{"uv":[8.25,3.0,8.4375,3.125],"tintindex":0,"rotation":0,"texture":"#0"}}},{"from":[21.96365,19.436832,-2.3175783],"to":[24.763649,25.036835,1.1824217],"faces":{"east":{"uv":[5.625,7.25,5.9375,7.75],"tintindex":0,"rotation":0,"texture":"#0"},"south":{"uv":[4.0,7.5,4.25,8.0],"tintindex":0,"rotation":0,"texture":"#0"},"north":{"uv":[4.25,7.5,4.0,8.0],"tintindex":0,"rotation":0,"texture":"#0"},"west":{"uv":[1.375,7.125,1.6875,7.625],"tintindex":0,"rotation":0,"texture":"#0"},"up":{"uv":[6.75,7.875,7.0,8.1875],"tintindex":0,"rotation":0,"texture":"#0"},"down":{"uv":[8.0,3.0625,8.25,2.75],"tintindex":0,"rotation":0,"texture":"#0"}},"rotation":{"origin":[24.763649,24.686832,-0.5675783],"angle":-22.5,"axis":"z"}},{"from":[-6.075739,15.676599,-7.602578],"to":[-3.2757397,19.876598,6.4674215],"faces":{"east":{"uv":[3.75,5.875,2.5,6.25],"tintindex":0,"rotation":0,"texture":"#0"},"south":{"uv":[2.25,7.875,2.0,8.25],"tintindex":0,"rotation":0,"texture":"#0"},"north":{"uv":[2.5,7.875,2.25,8.25],"tintindex":0,"rotation":0,"texture":"#0"},"west":{"uv":[7.25,4.25,6.0,4.625],"tintindex":0,"rotation":0,"texture":"#0"},"up":{"uv":[5.625,6.375,5.375,7.625],"tintindex":0,"rotation":0,"texture":"#0"},"down":{"uv":[1.375,7.75,1.125,6.5],"tintindex":0,"rotation":0,"texture":"#0"}},"rotation":{"origin":[-4.6757393,19.176598,-0.53257847],"angle":22.5,"axis":"z"}},{"from":[-5.192916,13.118776,6.4324217],"to":[-1.6929159,15.9187765,9.232422],"faces":{"east":{"uv":[8.125,6.25,8.375,6.5],"tintindex":0,"rotation":0,"texture":"#0"},"south":{"uv":[6.0,7.875,6.3125,8.125],"tintindex":0,"rotation":0,"texture":"#0"},"north":{"uv":[7.875,5.5,8.1875,5.75],"tintindex":0,"rotation":0,"texture":"#0"},"west":{"uv":[6.375,8.125,6.625,8.375],"tintindex":0,"rotation":0,"texture":"#0"},"up":{"uv":[6.6875,8.125,6.375,7.875],"tintindex":0,"rotation":0,"texture":"#0"},"down":{"uv":[8.1875,7.0,7.875,7.25],"tintindex":0,"rotation":0,"texture":"#0"}}},{"from":[-5.192916,13.118776,-10.3675785],"to":[-1.6929159,15.9187765,-7.5675783],"faces":{"east":{"uv":[8.375,6.25,8.125,6.5],"tintindex":0,"rotation":0,"texture":"#0"},"south":{"uv":[8.1875,5.5,7.875,5.75],"tintindex":0,"rotation":0,"texture":"#0"},"north":{"uv":[6.3125,7.875,6.0,8.125],"tintindex":0,"rotation":0,"texture":"#0"},"west":{"uv":[6.625,8.125,6.375,8.375],"tintindex":0,"rotation":0,"texture":"#0"},"up":{"uv":[6.6875,7.875,6.375,8.125],"tintindex":0,"rotation":0,"texture":"#0"},"down":{"uv":[8.1875,7.25,7.875,7.0],"tintindex":0,"rotation":0,"texture":"#0"}}},{"from":[19.005959,11.597684,-5.467579],"to":[21.805958,14.397683,-4.0675783],"faces":{"east":{"uv":[1.75,5.375,1.875,5.625],"tintindex":0,"rotation":0,"texture":"#0"},"south":{"uv":[8.125,6.0,8.375,6.25],"tintindex":0,"rotation":0,"texture":"#0"},"north":{"uv":[6.125,8.125,6.375,8.375],"tintindex":0,"rotation":0,"texture":"#0"},"west":{"uv":[1.875,4.25,2.0,4.5],"tintindex":0,"rotation":0,"texture":"#0"},"up":{"uv":[2.25,6.125,2.5,6.25],"tintindex":0,"rotation":0,"texture":"#0"},"down":{"uv":[3.5,6.375,3.75,6.25],"tintindex":0,"rotation":0,"texture":"#0"}},"rotation":{"origin":[20.405958,12.997684,-4.767578],"angle":-45.0,"axis":"z"}},{"from":[-7.6917906,11.597684,2.9324217],"to":[-4.8917904,14.397683,4.332422],"faces":{"east":{"uv":[1.875,4.25,2.0,4.5],"tintindex":0,"rotation":0,"texture":"#0"},"south":{"uv":[6.125,8.125,6.375,8.375],"tintindex":0,"rotation":0,"texture":"#0"},"north":{"uv":[8.125,6.0,8.375,6.25],"tintindex":0,"rotation":0,"texture":"#0"},"west":{"uv":[1.75,5.375,1.875,5.625],"tintindex":0,"rotation":0,"texture":"#0"},"up":{"uv":[2.5,6.25,2.25,6.125],"tintindex":0,"rotation":0,"texture":"#0"},"down":{"uv":[3.75,6.25,3.5,6.375],"tintindex":0,"rotation":0,"texture":"#0"}},"rotation":{"origin":[-6.29179,12.997684,3.6324215],"angle":45.0,"axis":"z"}},{"from":[4.957084,7.3787766,7.1324215],"to":[9.1570835,10.878777,9.932422],"faces":{"east":{"uv":[4.875,7.875,4.625,8.1875],"tintindex":0,"rotation":0,"texture":"#0"},"south":{"uv":[7.875,5.5,7.5,5.8125],"tintindex":0,"rotation":0,"texture":"#0"},"north":{"uv":[2.0,7.75,1.625,8.0625],"tintindex":0,"rotation":0,"texture":"#0"},"west":{"uv":[5.125,7.875,4.875,8.1875],"tintindex":0,"rotation":0,"texture":"#0"},"up":{"uv":[7.625,5.125,7.25,5.375],"tintindex":0,"rotation":0,"texture":"#0"},"down":{"uv":[8.0,5.375,7.625,5.125],"tintindex":0,"rotation":0,"texture":"#0"}}},{"from":[-10.649479,19.436832,-2.3175783],"to":[-7.8494806,25.036835,1.1824217],"faces":{"east":{"uv":[1.6875,7.125,1.375,7.625],"tintindex":0,"rotation":0,"texture":"#0"},"south":{"uv":[4.25,7.5,4.0,8.0],"tintindex":0,"rotation":0,"texture":"#0"},"north":{"uv":[4.0,7.5,4.25,8.0],"tintindex":0,"rotation":0,"texture":"#0"},"west":{"uv":[5.9375,7.25,5.625,7.75],"tintindex":0,"rotation":0,"texture":"#0"},"up":{"uv":[7.0,7.875,6.75,8.1875],"tintindex":0,"rotation":0,"texture":"#0"},"down":{"uv":[8.25,3.0625,8.0,2.75],"tintindex":0,"rotation":0,"texture":"#0"}},"rotation":{"origin":[-10.649479,24.686832,-0.5675783],"angle":22.5,"axis":"z"}},{"from":[15.807084,9.828776,-10.3675785],"to":[19.307083,12.628777,-7.5675783],"faces":{"east":{"uv":[6.375,8.125,6.625,8.375],"tintindex":0,"rotation":0,"texture":"#0"},"south":{"uv":[7.875,5.5,8.1875,5.75],"tintindex":0,"rotation":0,"texture":"#0"},"north":{"uv":[6.0,7.875,6.3125,8.125],"tintindex":0,"rotation":0,"texture":"#0"},"west":{"uv":[8.125,6.25,8.375,6.5],"tintindex":0,"rotation":0,"texture":"#0"},"up":{"uv":[6.375,7.875,6.6875,8.125],"tintindex":0,"rotation":0,"texture":"#0"},"down":{"uv":[7.875,7.25,8.1875,7.0],"tintindex":0,"rotation":0,"texture":"#0"}}},{"from":[-3.442916,9.478777,-8.6175785],"to":[17.557083,15.778777,7.482422],"faces":{"east":{"uv":[6.9375,1.5,5.5,2.0625],"tintindex":0,"rotation":0,"texture":"#0"},"south":{"uv":[3.875,3.625,5.75,4.1875],"tintindex":0,"rotation":0,"texture":"#0"},"north":{"uv":[5.75,3.625,3.875,4.1875],"tintindex":0,"rotation":0,"texture":"#0"},"west":{"uv":[6.9375,2.125,5.5,2.6875],"tintindex":0,"rotation":0,"texture":"#0"},"up":{"uv":[3.875,0.0,2.0,1.4375],"tintindex":0,"rotation":0,"texture":"#0"},"down":{"uv":[3.875,2.9375,2.0,1.5],"tintindex":0,"rotation":0,"texture":"#0"}}},{"from":[-3.8417902,22.71276,-1.9675779],"to":[-1.04179,24.112759,0.8324218],"faces":{"east":{"uv":[8.0,2.5,7.75,2.625],"tintindex":0,"rotation":0,"texture":"#0"},"south":{"uv":[1.375,7.75,1.125,7.875],"tintindex":0,"rotation":0,"texture":"#0"},"north":{"uv":[8.125,5.75,7.875,5.875],"tintindex":0,"rotation":0,"texture":"#0"},"west":{"uv":[8.125,6.75,7.875,6.875],"tintindex":0,"rotation":0,"texture":"#0"},"up":{"uv":[7.5,8.125,7.25,8.375],"tintindex":0,"rotation":0,"texture":"#0"},"down":{"uv":[8.375,7.5,8.125,7.25],"tintindex":0,"rotation":0,"texture":"#0"}},"rotation":{"origin":[-9.091789,18.862759,-0.60257816],"angle":-22.5,"axis":"z"}},{"from":[15.807084,9.828776,6.4324217],"to":[19.307083,12.628777,9.232422],"faces":{"east":{"uv":[6.625,8.125,6.375,8.375],"tintindex":0,"rotation":0,"texture":"#0"},"south":{"uv":[6.3125,7.875,6.0,8.125],"tintindex":0,"rotation":0,"texture":"#0"},"north":{"uv":[8.1875,5.5,7.875,5.75],"tintindex":0,"rotation":0,"texture":"#0"},"west":{"uv":[8.375,6.25,8.125,6.5],"tintindex":0,"rotation":0,"texture":"#0"},"up":{"uv":[6.375,8.125,6.6875,7.875],"tintindex":0,"rotation":0,"texture":"#0"},"down":{"uv":[7.875,7.0,8.1875,7.25],"tintindex":0,"rotation":0,"texture":"#0"}}},{"from":[-8.072094,23.97955,-1.6175785],"to":[-5.9720945,25.379547,0.48242188],"faces":{"east":{"uv":[8.5625,3.125,8.375,3.25],"tintindex":0,"rotation":0,"texture":"#0"},"south":{"uv":[8.4375,3.375,8.25,3.5],"tintindex":0,"rotation":0,"texture":"#0"},"north":{"uv":[3.4375,8.375,3.25,8.5],"tintindex":0,"rotation":0,"texture":"#0"},"west":{"uv":[8.5625,3.25,8.375,3.375],"tintindex":0,"rotation":0,"texture":"#0"},"up":{"uv":[8.5625,1.875,8.375,2.0625],"tintindex":0,"rotation":0,"texture":"#0"},"down":{"uv":[8.5625,2.3125,8.375,2.125],"tintindex":0,"rotation":0,"texture":"#0"}},"rotation":{"origin":[-8.422094,20.47955,-0.5675783],"angle":-45.0,"axis":"z"}},{"from":[15.807084,13.118776,-10.3675785],"to":[19.307083,15.9187765,-7.5675783],"faces":{"east":{"uv":[6.375,8.125,6.625,8.375],"tintindex":0,"rotation":0,"texture":"#0"},"south":{"uv":[7.875,5.5,8.1875,5.75],"tintindex":0,"rotation":0,"texture":"#0"},"north":{"uv":[6.0,7.875,6.3125,8.125],"tintindex":0,"rotation":0,"texture":"#0"},"west":{"uv":[8.125,6.25,8.375,6.5],"tintindex":0,"rotation":0,"texture":"#0"},"up":{"uv":[6.375,7.875,6.6875,8.125],"tintindex":0,"rotation":0,"texture":"#0"},"down":{"uv":[7.875,7.25,8.1875,7.0],"tintindex":0,"rotation":0,"texture":"#0"}}},{"from":[0.008209705,22.71276,-1.9675779],"to":[2.80821,24.112759,0.8324218],"faces":{"east":{"uv":[8.0,2.5,7.75,2.625],"tintindex":0,"rotation":0,"texture":"#0"},"south":{"uv":[1.375,7.75,1.125,7.875],"tintindex":0,"rotation":0,"texture":"#0"},"north":{"uv":[8.125,5.75,7.875,5.875],"tintindex":0,"rotation":0,"texture":"#0"},"west":{"uv":[8.125,6.75,7.875,6.875],"tintindex":0,"rotation":0,"texture":"#0"},"up":{"uv":[7.5,8.125,7.25,8.375],"tintindex":0,"rotation":0,"texture":"#0"},"down":{"uv":[8.375,7.5,8.125,7.25],"tintindex":0,"rotation":0,"texture":"#0"}},"rotation":{"origin":[-9.091789,18.862759,-0.60257816],"angle":-22.5,"axis":"z"}},{"from":[-7.34179,11.947683,-6.1675777],"to":[-5.24179,14.047683,5.0324216],"faces":{"east":{"uv":[8.0,0.875,7.0,1.0625],"tintindex":0,"rotation":0,"texture":"#0"},"south":{"uv":[1.5,8.375,1.6875,8.5625],"tintindex":0,"rotation":0,"texture":"#0"},"north":{"uv":[1.6875,8.375,1.5,8.5625],"tintindex":0,"rotation":0,"texture":"#0"},"west":{"uv":[8.0,1.125,7.0,1.3125],"tintindex":0,"rotation":0,"texture":"#0"},"up":{"uv":[2.6875,6.625,2.5,7.625],"tintindex":0,"rotation":0,"texture":"#0"},"down":{"uv":[2.9375,7.625,2.75,6.625],"tintindex":0,"rotation":0,"texture":"#0"}},"rotation":{"origin":[-6.29179,12.997684,-4.767578],"angle":45.0,"axis":"z"}},{"from":[-6.4257393,16.376598,-9.002579],"to":[-2.9257393,19.176598,-6.2025785],"faces":{"east":{"uv":[7.75,8.125,7.5,8.375],"tintindex":0,"rotation":0,"texture":"#0"},"south":{"uv":[8.3125,1.875,8.0,2.125],"tintindex":0,"rotation":0,"texture":"#0"},"north":{"uv":[8.3125,3.125,8.0,3.375],"tintindex":0,"rotation":0,"texture":"#0"},"west":{"uv":[8.375,7.5,8.125,7.75],"tintindex":0,"rotation":0,"texture":"#0"},"up":{"uv":[4.1875,8.0,3.875,8.25],"tintindex":0,"rotation":0,"texture":"#0"},"down":{"uv":[8.3125,4.625,8.0,4.375],"tintindex":0,"rotation":0,"texture":"#0"}},"rotation":{"origin":[-4.6757393,19.176598,0.8674216],"angle":22.5,"axis":"z"}},{"from":[17.039907,16.376598,-9.002579],"to":[20.539907,19.176598,-6.2025785],"faces":{"east":{"uv":[8.125,7.5,8.375,7.75],"tintindex":0,"rotation":0,"texture":"#0"},"south":{"uv":[8.0,1.875,8.3125,2.125],"tintindex":0,"rotation":0,"texture":"#0"},"north":{"uv":[8.0,3.125,8.3125,3.375],"tintindex":0,"rotation":0,"texture":"#0"},"west":{"uv":[7.5,8.125,7.75,8.375],"tintindex":0,"rotation":0,"texture":"#0"},"up":{"uv":[3.875,8.0,4.1875,8.25],"tintindex":0,"rotation":0,"texture":"#0"},"down":{"uv":[8.0,4.625,8.3125,4.375],"tintindex":0,"rotation":0,"texture":"#0"}},"rotation":{"origin":[18.789907,19.176598,0.8674216],"angle":-22.5,"axis":"z"}},{"from":[-6.4257393,16.376598,5.067422],"to":[-2.9257393,19.176598,7.867422],"faces":{"east":{"uv":[7.5,8.125,7.75,8.375],"tintindex":0,"rotation":0,"texture":"#0"},"south":{"uv":[8.0,3.125,8.3125,3.375],"tintindex":0,"rotation":0,"texture":"#0"},"north":{"uv":[8.0,1.875,8.3125,2.125],"tintindex":0,"rotation":0,"texture":"#0"},"west":{"uv":[8.125,7.5,8.375,7.75],"tintindex":0,"rotation":0,"texture":"#0"},"up":{"uv":[4.1875,8.25,3.875,8.0],"tintindex":0,"rotation":0,"texture":"#0"},"down":{"uv":[8.3125,4.375,8.0,4.625],"tintindex":0,"rotation":0,"texture":"#0"}},"rotation":{"origin":[-4.6757393,19.176598,-2.0025787],"angle":22.5,"axis":"z"}}],"display":{"gui":{"rotation":[30,225,0]}}}