{"textures":{"0":"modelengine:entity/earthcratefinal"},"elements":[{"from":[5.820074,5.3532076,5.5788374],"to":[10.020074,9.553207,9.778837],"faces":{"east":{"uv":[9.6,10.400001,10.2,11.0],"tintindex":0,"rotation":0,"texture":"#0"},"south":{"uv":[2.2,4.8,2.8,5.4],"tintindex":0,"rotation":0,"texture":"#0"},"north":{"uv":[10.400001,2.4,11.0,3.0],"tintindex":0,"rotation":0,"texture":"#0"},"west":{"uv":[6.6,10.2,7.2000003,10.8],"tintindex":0,"rotation":0,"texture":"#0"},"up":{"uv":[10.2,10.400001,10.8,11.0],"tintindex":0,"rotation":0,"texture":"#0"},"down":{"uv":[10.6,1.0,11.2,0.4],"tintindex":0,"rotation":0,"texture":"#0"}}},{"from":[5.4700737,8.153208,5.228837],"to":[10.370074,10.953207,10.128838],"faces":{"east":{"uv":[11.6,0.4,12.3,0.8],"tintindex":0,"rotation":0,"texture":"#0"},"south":{"uv":[11.400001,11.400001,12.1,11.8],"tintindex":0,"rotation":0,"texture":"#0"},"north":{"uv":[11.6,0.0,12.3,0.4],"tintindex":0,"rotation":0,"texture":"#0"},"west":{"uv":[0.0,11.6,0.7,12.0],"tintindex":0,"rotation":0,"texture":"#0"},"up":{"uv":[9.8,4.0,10.5,4.7000003],"tintindex":0,"rotation":0,"texture":"#0"},"down":{"uv":[7.6,10.5,8.3,9.8],"tintindex":0,"rotation":0,"texture":"#0"}}}],"display":{"gui":{"rotation":[30,225,0]}}}