{"textures":{"0":"modelengine:entity/earthcratefinal"},"elements":[{"from":[5.6299257,8.153208,5.871163],"to":[10.529926,10.953207,10.771163],"faces":{"east":{"uv":[0.0,11.6,0.7,12.0],"tintindex":0,"rotation":0,"texture":"#0"},"south":{"uv":[11.6,0.0,12.3,0.4],"tintindex":0,"rotation":0,"texture":"#0"},"north":{"uv":[11.400001,11.400001,12.1,11.8],"tintindex":0,"rotation":0,"texture":"#0"},"west":{"uv":[11.6,0.4,12.3,0.8],"tintindex":0,"rotation":0,"texture":"#0"},"up":{"uv":[10.5,4.7000003,9.8,4.0],"tintindex":0,"rotation":0,"texture":"#0"},"down":{"uv":[8.3,9.8,7.6,10.5],"tintindex":0,"rotation":0,"texture":"#0"}}},{"from":[5.979926,5.3532076,6.2211633],"to":[10.179926,9.553207,10.421163],"faces":{"east":{"uv":[6.6,10.2,7.2000003,10.8],"tintindex":0,"rotation":0,"texture":"#0"},"south":{"uv":[10.400001,2.4,11.0,3.0],"tintindex":0,"rotation":0,"texture":"#0"},"north":{"uv":[2.2,4.8,2.8,5.4],"tintindex":0,"rotation":0,"texture":"#0"},"west":{"uv":[9.6,10.400001,10.2,11.0],"tintindex":0,"rotation":0,"texture":"#0"},"up":{"uv":[10.8,11.0,10.2,10.400001],"tintindex":0,"rotation":0,"texture":"#0"},"down":{"uv":[11.2,0.4,10.6,1.0],"tintindex":0,"rotation":0,"texture":"#0"}}}],"display":{"gui":{"rotation":[30,225,0]}}}