{"textures":{"0":"modelengine:entity/earthcratefinal"},"elements":[{"from":[-2.5469017,22.77119,3.967578],"to":[-1.1469021,26.971191,5.367578],"faces":{"east":{"uv":[6.4,12.2,6.6,12.8],"tintindex":0,"rotation":0,"texture":"#0"},"south":{"uv":[8.2,12.0,8.400001,12.6],"tintindex":0,"rotation":0,"texture":"#0"},"north":{"uv":[6.2000003,12.2,6.4,12.8],"tintindex":0,"rotation":0,"texture":"#0"},"west":{"uv":[11.0,12.0,11.2,12.6],"tintindex":0,"rotation":0,"texture":"#0"},"up":{"uv":[2.8,12.6,2.6000001,12.400001],"tintindex":0,"rotation":180,"texture":"#0"},"down":{"uv":[12.6,2.8,12.400001,3.0],"tintindex":0,"rotation":180,"texture":"#0"}},"rotation":{"origin":[-1.8469019,24.52119,3.967578],"angle":22.5,"axis":"x"}},{"from":[-3.0929155,14.958777,-4.4324217],"to":[19.307083,17.758778,3.967578],"faces":{"east":{"uv":[5.0,10.2,6.2000003,10.6],"tintindex":0,"rotation":0,"texture":"#0"},"south":{"uv":[5.4,7.6,8.6,8.0],"tintindex":0,"rotation":0,"texture":"#0"},"north":{"uv":[7.8,0.0,11.0,0.4],"tintindex":0,"rotation":0,"texture":"#0"},"west":{"uv":[9.6,10.0,10.8,10.400001],"tintindex":0,"rotation":0,"texture":"#0"},"up":{"uv":[6.2000003,4.4,3.0,3.2],"tintindex":0,"rotation":180,"texture":"#0"},"down":{"uv":[6.2000003,4.4,3.0,5.6],"tintindex":0,"rotation":180,"texture":"#0"}}},{"from":[-5.8929157,13.558776,3.967578],"to":[-1.6929159,16.358776,8.167578],"faces":{"east":{"uv":[12.0,1.8000001,12.6,2.2],"tintindex":0,"rotation":0,"texture":"#0"},"south":{"uv":[2.2,12.0,2.8,12.400001],"tintindex":0,"rotation":0,"texture":"#0"},"north":{"uv":[1.6,12.0,2.2,12.400001],"tintindex":0,"rotation":0,"texture":"#0"},"west":{"uv":[12.0,2.4,12.6,2.8],"tintindex":0,"rotation":0,"texture":"#0"},"up":{"uv":[9.400001,11.0,10.0,11.6],"tintindex":0,"rotation":180,"texture":"#0"},"down":{"uv":[10.0,11.6,10.6,11.0],"tintindex":0,"rotation":180,"texture":"#0"}}},{"from":[1.1070843,17.758778,-5.8324223],"to":[5.307084,19.158775,5.367578],"faces":{"east":{"uv":[12.2,1.0,10.6,1.2],"tintindex":0,"rotation":0,"texture":"#0"},"south":{"uv":[12.8,7.8,12.2,8.0],"tintindex":0,"rotation":0,"texture":"#0"},"north":{"uv":[12.8,8.0,12.2,8.2],"tintindex":0,"rotation":0,"texture":"#0"},"west":{"uv":[12.2,4.6,10.6,4.8],"tintindex":0,"rotation":0,"texture":"#0"},"up":{"uv":[4.6,10.0,5.2000003,8.400001],"tintindex":0,"rotation":180,"texture":"#0"},"down":{"uv":[8.6,2.2,9.2,3.8],"tintindex":0,"rotation":180,"texture":"#0"}}},{"from":[17.907085,7.9587765,-8.6324215],"to":[19.307083,9.358777,8.167578],"faces":{"east":{"uv":[8.8,9.8,11.2,10.0],"tintindex":0,"rotation":0,"texture":"#0"},"south":{"uv":[12.400001,0.4,12.6,0.6],"tintindex":0,"rotation":0,"texture":"#0"},"north":{"uv":[12.400001,0.6,12.6,0.8],"tintindex":0,"rotation":0,"texture":"#0"},"west":{"uv":[9.8,8.6,12.2,8.8],"tintindex":0,"rotation":0,"texture":"#0"},"up":{"uv":[3.6000001,12.400001,3.4,10.0],"tintindex":0,"rotation":180,"texture":"#0"},"down":{"uv":[3.8,10.0,3.6000001,12.400001],"tintindex":0,"rotation":180,"texture":"#0"}}},{"from":[1.1070843,16.358776,-8.6324215],"to":[5.307084,17.758778,-4.4324217],"faces":{"east":{"uv":[12.8,7.2000003,12.2,7.4],"tintindex":0,"rotation":0,"texture":"#0"},"south":{"uv":[12.8,7.0,12.2,7.2000003],"tintindex":0,"rotation":0,"texture":"#0"},"north":{"uv":[12.8,7.4,12.2,7.6],"tintindex":0,"rotation":0,"texture":"#0"},"west":{"uv":[12.8,7.6,12.2,7.8],"tintindex":0,"rotation":0,"texture":"#0"},"up":{"uv":[8.8,11.2,9.400001,10.6],"tintindex":0,"rotation":180,"texture":"#0"},"down":{"uv":[10.8,6.0,11.400001,6.6],"tintindex":0,"rotation":180,"texture":"#0"}}},{"from":[3.9070845,9.708776,-11.432423],"to":[12.307084,15.308776,-8.6324215],"faces":{"east":{"uv":[5.8,11.2,6.2000003,12.0],"tintindex":0,"rotation":0,"texture":"#0"},"south":{"uv":[5.2000003,8.6,6.4,9.400001],"tintindex":0,"rotation":0,"texture":"#0"},"north":{"uv":[6.4,8.6,7.6,9.400001],"tintindex":0,"rotation":0,"texture":"#0"},"west":{"uv":[5.4,11.2,5.8,12.0],"tintindex":0,"rotation":0,"texture":"#0"},"up":{"uv":[7.4,5.6,6.2000003,5.2000003],"tintindex":0,"rotation":180,"texture":"#0"},"down":{"uv":[11.2,1.8000001,10.0,2.2],"tintindex":0,"rotation":180,"texture":"#0"}}},{"from":[10.9070835,17.758778,-5.8324223],"to":[15.107084,19.158775,5.367578],"faces":{"east":{"uv":[10.6,4.6,12.2,4.8],"tintindex":0,"rotation":0,"texture":"#0"},"south":{"uv":[12.2,7.8,12.8,8.0],"tintindex":0,"rotation":0,"texture":"#0"},"north":{"uv":[12.2,8.0,12.8,8.2],"tintindex":0,"rotation":0,"texture":"#0"},"west":{"uv":[10.6,1.0,12.2,1.2],"tintindex":0,"rotation":0,"texture":"#0"},"up":{"uv":[5.2000003,10.0,4.6,8.400001],"tintindex":0,"rotation":180,"texture":"#0"},"down":{"uv":[9.2,2.2,8.6,3.8],"tintindex":0,"rotation":180,"texture":"#0"}}},{"from":[17.907085,10.758777,-7.232422],"to":[19.307083,14.958777,6.767578],"faces":{"east":{"uv":[7.8,1.0,9.8,1.6],"tintindex":0,"rotation":0,"texture":"#0"},"south":{"uv":[8.400001,2.2,8.6,2.8],"tintindex":0,"rotation":0,"texture":"#0"},"north":{"uv":[7.0,11.400001,7.2000003,12.0],"tintindex":0,"rotation":0,"texture":"#0"},"west":{"uv":[7.8,0.4,9.8,1.0],"tintindex":0,"rotation":0,"texture":"#0"},"up":{"uv":[6.4,12.2,6.2000003,10.2],"tintindex":0,"rotation":180,"texture":"#0"},"down":{"uv":[6.6,10.2,6.4,12.2],"tintindex":0,"rotation":180,"texture":"#0"}}},{"from":[-7.997307,15.655843,-4.4674225],"to":[-2.3973055,18.455845,4.0025783],"faces":{"east":{"uv":[11.400001,5.2000003,10.2,5.6],"tintindex":0,"rotation":0,"texture":"#0"},"south":{"uv":[12.2,10.6,11.400001,11.0],"tintindex":0,"rotation":0,"texture":"#0"},"north":{"uv":[12.2,11.0,11.400001,11.400001],"tintindex":0,"rotation":0,"texture":"#0"},"west":{"uv":[11.400001,5.6,10.2,6.0],"tintindex":0,"rotation":0,"texture":"#0"},"up":{"uv":[7.6,9.8,8.400001,8.6],"tintindex":0,"rotation":180,"texture":"#0"},"down":{"uv":[8.400001,8.6,9.2,9.8],"tintindex":0,"rotation":180,"texture":"#0"}},"rotation":{"origin":[-4.497306,17.055843,-0.19742203],"angle":-22.5,"axis":"z"}},{"from":[10.9070835,16.358776,-8.6324215],"to":[15.107084,17.758778,-4.4324217],"faces":{"east":{"uv":[12.2,7.6,12.8,7.8],"tintindex":0,"rotation":0,"texture":"#0"},"south":{"uv":[12.2,7.0,12.8,7.2000003],"tintindex":0,"rotation":0,"texture":"#0"},"north":{"uv":[12.2,7.4,12.8,7.6],"tintindex":0,"rotation":0,"texture":"#0"},"west":{"uv":[12.2,7.2000003,12.8,7.4],"tintindex":0,"rotation":0,"texture":"#0"},"up":{"uv":[9.400001,11.2,8.8,10.6],"tintindex":0,"rotation":180,"texture":"#0"},"down":{"uv":[11.400001,6.0,10.8,6.6],"tintindex":0,"rotation":180,"texture":"#0"}}},{"from":[-3.0929155,16.358776,1.867578],"to":[1.1070843,20.558777,6.0675783],"faces":{"east":{"uv":[10.8,10.0,11.400001,10.6],"tintindex":0,"rotation":0,"texture":"#0"},"south":{"uv":[6.6,10.8,7.2000003,11.400001],"tintindex":0,"rotation":0,"texture":"#0"},"north":{"uv":[10.8,8.0,11.400001,8.6],"tintindex":0,"rotation":0,"texture":"#0"},"west":{"uv":[10.8,7.4,11.400001,8.0],"tintindex":0,"rotation":0,"texture":"#0"},"up":{"uv":[11.400001,11.2,10.8,10.6],"tintindex":0,"rotation":180,"texture":"#0"},"down":{"uv":[0.6,11.0,0.0,11.6],"tintindex":0,"rotation":180,"texture":"#0"}},"rotation":{"origin":[-0.29291534,17.758778,3.967578],"angle":22.5,"axis":"z"}},{"from":[-3.2469015,18.921192,2.5675783],"to":[-0.44690228,23.121193,5.367578],"faces":{"east":{"uv":[10.2,11.6,10.6,12.2],"tintindex":0,"rotation":0,"texture":"#0"},"south":{"uv":[11.6,3.8,12.0,4.4],"tintindex":0,"rotation":0,"texture":"#0"},"north":{"uv":[9.8,11.6,10.2,12.2],"tintindex":0,"rotation":0,"texture":"#0"},"west":{"uv":[9.400001,11.6,9.8,12.2],"tintindex":0,"rotation":0,"texture":"#0"},"up":{"uv":[12.6,5.2000003,12.2,4.8],"tintindex":0,"rotation":180,"texture":"#0"},"down":{"uv":[12.6,5.2000003,12.2,5.6],"tintindex":0,"rotation":180,"texture":"#0"}}},{"from":[-3.0929155,10.758777,-7.232422],"to":[-1.6929159,14.958777,6.767578],"faces":{"east":{"uv":[9.8,0.4,7.8,1.0],"tintindex":0,"rotation":0,"texture":"#0"},"south":{"uv":[8.6,2.2,8.400001,2.8],"tintindex":0,"rotation":0,"texture":"#0"},"north":{"uv":[7.2000003,11.400001,7.0,12.0],"tintindex":0,"rotation":0,"texture":"#0"},"west":{"uv":[9.8,1.0,7.8,1.6],"tintindex":0,"rotation":0,"texture":"#0"},"up":{"uv":[6.2000003,12.2,6.4,10.2],"tintindex":0,"rotation":180,"texture":"#0"},"down":{"uv":[6.4,10.2,6.6,12.2],"tintindex":0,"rotation":180,"texture":"#0"}}},{"from":[-1.6929159,8.308777,-10.3824215],"to":[17.907085,19.508778,-10.3824215],"faces":{"south":{"uv":[2.8,13.0,0.0,14.6],"tintindex":0,"rotation":0,"texture":"#0"},"north":{"uv":[0.0,13.0,2.8,14.6],"tintindex":0,"rotation":0,"texture":"#0"}}},{"from":[3.9070845,12.158776,-12.118422],"to":[9.507084,14.958777,-9.332422],"faces":{"east":{"uv":[12.2,4.4,12.6,4.8],"tintindex":0,"rotation":0,"texture":"#0"},"south":{"uv":[11.400001,7.8,12.2,8.2],"tintindex":0,"rotation":0,"texture":"#0"},"north":{"uv":[11.400001,8.2,12.2,8.6],"tintindex":0,"rotation":0,"texture":"#0"},"west":{"uv":[12.2,0.8,12.6,1.2],"tintindex":0,"rotation":0,"texture":"#0"},"up":{"uv":[12.2,10.2,11.400001,9.8],"tintindex":0,"rotation":180,"texture":"#0"},"down":{"uv":[12.2,10.2,11.400001,10.6],"tintindex":0,"rotation":180,"texture":"#0"}},"rotation":{"origin":[8.107084,16.358776,-11.432423],"angle":-22.5,"axis":"z"}},{"from":[-3.0929155,7.9587765,-8.6324215],"to":[-1.6929159,9.358777,8.167578],"faces":{"east":{"uv":[9.8,9.400001,12.2,9.6],"tintindex":0,"rotation":0,"texture":"#0"},"south":{"uv":[1.4,12.400001,1.6,12.6],"tintindex":0,"rotation":0,"texture":"#0"},"north":{"uv":[12.400001,1.4,12.6,1.6],"tintindex":0,"rotation":0,"texture":"#0"},"west":{"uv":[9.8,9.2,12.2,9.400001],"tintindex":0,"rotation":0,"texture":"#0"},"up":{"uv":[4.4,12.400001,4.2000003,10.0],"tintindex":0,"rotation":180,"texture":"#0"},"down":{"uv":[4.6,10.0,4.4,12.400001],"tintindex":0,"rotation":180,"texture":"#0"}}},{"from":[1.1070843,16.358776,3.967578],"to":[5.307084,17.758778,8.167578],"faces":{"east":{"uv":[12.8,6.2000003,12.2,6.4],"tintindex":0,"rotation":0,"texture":"#0"},"south":{"uv":[12.8,6.0,12.2,6.2000003],"tintindex":0,"rotation":0,"texture":"#0"},"north":{"uv":[12.8,6.6,12.2,6.8],"tintindex":0,"rotation":0,"texture":"#0"},"west":{"uv":[12.8,6.8,12.2,7.0],"tintindex":0,"rotation":0,"texture":"#0"},"up":{"uv":[7.2000003,11.2,7.8,10.6],"tintindex":0,"rotation":180,"texture":"#0"},"down":{"uv":[7.8,10.6,8.400001,11.2],"tintindex":0,"rotation":180,"texture":"#0"}}},{"from":[-4.492916,9.358777,6.767578],"to":[-1.6929159,13.558776,8.167578],"faces":{"east":{"uv":[8.6,12.2,8.8,12.8],"tintindex":0,"rotation":0,"texture":"#0"},"south":{"uv":[0.4,12.0,0.8,12.6],"tintindex":0,"rotation":0,"texture":"#0"},"north":{"uv":[0.0,12.0,0.4,12.6],"tintindex":0,"rotation":0,"texture":"#0"},"west":{"uv":[12.2,8.8,12.400001,9.400001],"tintindex":0,"rotation":0,"texture":"#0"},"up":{"uv":[12.2,11.6,12.6,11.8],"tintindex":0,"rotation":180,"texture":"#0"},"down":{"uv":[12.2,12.0,12.6,11.8],"tintindex":0,"rotation":180,"texture":"#0"}}},{"from":[17.907085,13.558776,-8.6324215],"to":[22.107084,16.358776,-4.4324217],"faces":{"east":{"uv":[12.0,2.4,12.6,2.8],"tintindex":0,"rotation":0,"texture":"#0"},"south":{"uv":[1.6,12.0,2.2,12.400001],"tintindex":0,"rotation":0,"texture":"#0"},"north":{"uv":[2.2,12.0,2.8,12.400001],"tintindex":0,"rotation":0,"texture":"#0"},"west":{"uv":[12.0,1.8000001,12.6,2.2],"tintindex":0,"rotation":0,"texture":"#0"},"up":{"uv":[10.0,11.6,9.400001,11.0],"tintindex":0,"rotation":180,"texture":"#0"},"down":{"uv":[10.6,11.0,10.0,11.6],"tintindex":0,"rotation":180,"texture":"#0"}}},{"from":[17.907085,9.358777,-8.6324215],"to":[20.707085,13.558776,-7.232422],"faces":{"east":{"uv":[12.2,8.8,12.400001,9.400001],"tintindex":0,"rotation":0,"texture":"#0"},"south":{"uv":[0.0,12.0,0.4,12.6],"tintindex":0,"rotation":0,"texture":"#0"},"north":{"uv":[0.4,12.0,0.8,12.6],"tintindex":0,"rotation":0,"texture":"#0"},"west":{"uv":[8.6,12.2,8.8,12.8],"tintindex":0,"rotation":0,"texture":"#0"},"up":{"uv":[12.6,11.8,12.2,11.6],"tintindex":0,"rotation":180,"texture":"#0"},"down":{"uv":[12.6,11.8,12.2,12.0],"tintindex":0,"rotation":180,"texture":"#0"}}},{"from":[10.9070835,16.358776,3.967578],"to":[15.107084,17.758778,8.167578],"faces":{"east":{"uv":[12.2,6.8,12.8,7.0],"tintindex":0,"rotation":0,"texture":"#0"},"south":{"uv":[12.2,6.0,12.8,6.2000003],"tintindex":0,"rotation":0,"texture":"#0"},"north":{"uv":[12.2,6.6,12.8,6.8],"tintindex":0,"rotation":0,"texture":"#0"},"west":{"uv":[12.2,6.2000003,12.8,6.4],"tintindex":0,"rotation":0,"texture":"#0"},"up":{"uv":[7.8,11.2,7.2000003,10.6],"tintindex":0,"rotation":180,"texture":"#0"},"down":{"uv":[8.400001,10.6,7.8,11.2],"tintindex":0,"rotation":180,"texture":"#0"}}},{"from":[1.1070843,9.358777,8.167578],"to":[5.307084,17.758778,9.567578],"faces":{"east":{"uv":[3.4,11.2,3.2,12.400001],"tintindex":0,"rotation":0,"texture":"#0"},"south":{"uv":[9.8,8.6,9.2,9.8],"tintindex":0,"rotation":0,"texture":"#0"},"north":{"uv":[2.2,9.400001,1.6,10.6],"tintindex":0,"rotation":0,"texture":"#0"},"west":{"uv":[9.400001,11.2,9.2,12.400001],"tintindex":0,"rotation":0,"texture":"#0"},"up":{"uv":[11.6,4.6,12.2,4.4],"tintindex":0,"rotation":180,"texture":"#0"},"down":{"uv":[12.0,6.4,12.6,6.6],"tintindex":0,"rotation":180,"texture":"#0"}}},{"from":[10.9070835,9.358777,-10.032421],"to":[15.107084,17.758778,-8.6324215],"faces":{"east":{"uv":[6.8,11.400001,7.0,12.6],"tintindex":0,"rotation":0,"texture":"#0"},"south":{"uv":[2.2,9.400001,2.8,10.6],"tintindex":0,"rotation":0,"texture":"#0"},"north":{"uv":[2.8,9.400001,3.4,10.6],"tintindex":0,"rotation":0,"texture":"#0"},"west":{"uv":[6.6,11.400001,6.8,12.6],"tintindex":0,"rotation":0,"texture":"#0"},"up":{"uv":[12.8,5.8,12.2,5.6],"tintindex":0,"rotation":180,"texture":"#0"},"down":{"uv":[12.8,5.8,12.2,6.0],"tintindex":0,"rotation":180,"texture":"#0"}}},{"from":[17.907085,13.558776,3.967578],"to":[22.107084,16.358776,8.167578],"faces":{"east":{"uv":[12.6,2.4,12.0,2.8],"tintindex":0,"rotation":0,"texture":"#0"},"south":{"uv":[2.8,12.0,2.2,12.400001],"tintindex":0,"rotation":0,"texture":"#0"},"north":{"uv":[2.2,12.0,1.6,12.400001],"tintindex":0,"rotation":0,"texture":"#0"},"west":{"uv":[12.6,1.8000001,12.0,2.2],"tintindex":0,"rotation":0,"texture":"#0"},"up":{"uv":[10.0,11.0,9.400001,11.6],"tintindex":0,"rotation":180,"texture":"#0"},"down":{"uv":[10.6,11.6,10.0,11.0],"tintindex":0,"rotation":180,"texture":"#0"}}},{"from":[-4.492916,9.358777,-8.6324215],"to":[-1.6929159,13.558776,-7.232422],"faces":{"east":{"uv":[8.8,12.2,8.6,12.8],"tintindex":0,"rotation":0,"texture":"#0"},"south":{"uv":[0.4,12.0,0.0,12.6],"tintindex":0,"rotation":0,"texture":"#0"},"north":{"uv":[0.8,12.0,0.4,12.6],"tintindex":0,"rotation":0,"texture":"#0"},"west":{"uv":[12.400001,8.8,12.2,9.400001],"tintindex":0,"rotation":0,"texture":"#0"},"up":{"uv":[12.2,11.8,12.6,11.6],"tintindex":0,"rotation":180,"texture":"#0"},"down":{"uv":[12.2,11.8,12.6,12.0],"tintindex":0,"rotation":180,"texture":"#0"}}},{"from":[15.303099,15.421193,4.667578],"to":[20.9031,21.02119,4.667578],"faces":{"south":{"uv":[5.1,12.900001,4.3,13.7],"tintindex":0,"rotation":0,"texture":"#0"},"north":{"uv":[4.3,12.900001,5.1,13.7],"tintindex":0,"rotation":0,"texture":"#0"}},"rotation":{"origin":[-1.8469019,24.52119,3.967578],"angle":22.5,"axis":"x"}},{"from":[6.707084,12.158776,-12.1324215],"to":[12.307084,14.958777,-9.332422],"faces":{"east":{"uv":[0.8,12.2,1.2,12.6],"tintindex":0,"rotation":0,"texture":"#0"},"south":{"uv":[11.400001,5.2000003,12.2,5.6],"tintindex":0,"rotation":0,"texture":"#0"},"north":{"uv":[11.400001,5.6,12.2,6.0],"tintindex":0,"rotation":0,"texture":"#0"},"west":{"uv":[10.6,12.0,11.0,12.400001],"tintindex":0,"rotation":0,"texture":"#0"},"up":{"uv":[12.2,6.4,11.400001,6.0],"tintindex":0,"rotation":180,"texture":"#0"},"down":{"uv":[12.2,7.4,11.400001,7.8],"tintindex":0,"rotation":180,"texture":"#0"}},"rotation":{"origin":[8.107084,16.358776,-11.432423],"angle":22.5,"axis":"z"}},{"from":[-1.6929159,7.9587765,-8.6324215],"to":[17.907085,16.358776,8.167578],"faces":{"east":{"uv":[7.4,5.6,5.0,6.8],"tintindex":0,"rotation":0,"texture":"#0"},"south":{"uv":[5.0,5.6,2.2,6.8],"tintindex":0,"rotation":0,"texture":"#0"},"north":{"uv":[2.2,5.6,5.0,6.8],"tintindex":0,"rotation":0,"texture":"#0"},"west":{"uv":[5.0,5.6,7.4,6.8],"tintindex":0,"rotation":0,"texture":"#0"},"up":{"uv":[2.8,2.4,0.0,0.0],"tintindex":0,"rotation":180,"texture":"#0"},"down":{"uv":[2.8,2.4,0.0,4.8],"tintindex":0,"rotation":180,"texture":"#0"}}},{"from":[6.707084,7.9587765,-12.832422],"to":[9.507084,13.558776,-10.032421],"faces":{"east":{"uv":[8.8,11.2,9.2,12.0],"tintindex":0,"rotation":0,"texture":"#0"},"south":{"uv":[7.2000003,11.2,7.6,12.0],"tintindex":0,"rotation":0,"texture":"#0"},"north":{"uv":[8.0,11.2,8.400001,12.0],"tintindex":0,"rotation":0,"texture":"#0"},"west":{"uv":[7.6,11.2,8.0,12.0],"tintindex":0,"rotation":0,"texture":"#0"},"up":{"uv":[7.4,12.400001,7.0,12.0],"tintindex":0,"rotation":180,"texture":"#0"},"down":{"uv":[7.8,12.0,7.4,12.400001],"tintindex":0,"rotation":180,"texture":"#0"}}},{"from":[-9.19323,19.621193,5.0403852],"to":[-3.5932283,25.221191,5.0403852],"faces":{"south":{"uv":[6.3,12.900001,5.5,13.7],"tintindex":0,"rotation":0,"texture":"#0"},"north":{"uv":[5.5,12.900001,6.3,13.7],"tintindex":0,"rotation":0,"texture":"#0"}},"rotation":{"origin":[-5.833229,20.321194,3.6403852],"angle":22.5,"axis":"y"}},{"from":[-5.8929157,13.558776,-8.6324215],"to":[-1.6929159,16.358776,-4.4324217],"faces":{"east":{"uv":[12.6,1.8000001,12.0,2.2],"tintindex":0,"rotation":0,"texture":"#0"},"south":{"uv":[2.2,12.0,1.6,12.400001],"tintindex":0,"rotation":0,"texture":"#0"},"north":{"uv":[2.8,12.0,2.2,12.400001],"tintindex":0,"rotation":0,"texture":"#0"},"west":{"uv":[12.6,2.4,12.0,2.8],"tintindex":0,"rotation":0,"texture":"#0"},"up":{"uv":[9.400001,11.6,10.0,11.0],"tintindex":0,"rotation":180,"texture":"#0"},"down":{"uv":[10.0,11.0,10.6,11.6],"tintindex":0,"rotation":180,"texture":"#0"}}},{"from":[18.611473,15.655843,-4.4674225],"to":[24.211475,18.455845,4.0025783],"faces":{"east":{"uv":[10.2,5.6,11.400001,6.0],"tintindex":0,"rotation":0,"texture":"#0"},"south":{"uv":[11.400001,10.6,12.2,11.0],"tintindex":0,"rotation":0,"texture":"#0"},"north":{"uv":[11.400001,11.0,12.2,11.400001],"tintindex":0,"rotation":0,"texture":"#0"},"west":{"uv":[10.2,5.2000003,11.400001,5.6],"tintindex":0,"rotation":0,"texture":"#0"},"up":{"uv":[8.400001,9.8,7.6,8.6],"tintindex":0,"rotation":180,"texture":"#0"},"down":{"uv":[9.2,8.6,8.400001,9.8],"tintindex":0,"rotation":180,"texture":"#0"}},"rotation":{"origin":[20.711475,17.055843,-0.19742203],"angle":22.5,"axis":"z"}},{"from":[1.1070843,9.358777,-10.032421],"to":[5.307084,17.758778,-8.6324215],"faces":{"east":{"uv":[6.8,11.400001,6.6,12.6],"tintindex":0,"rotation":0,"texture":"#0"},"south":{"uv":[2.8,9.400001,2.2,10.6],"tintindex":0,"rotation":0,"texture":"#0"},"north":{"uv":[3.4,9.400001,2.8,10.6],"tintindex":0,"rotation":0,"texture":"#0"},"west":{"uv":[7.0,11.400001,6.8,12.6],"tintindex":0,"rotation":0,"texture":"#0"},"up":{"uv":[12.2,5.8,12.8,5.6],"tintindex":0,"rotation":180,"texture":"#0"},"down":{"uv":[12.2,5.8,12.8,6.0],"tintindex":0,"rotation":180,"texture":"#0"}}},{"from":[10.9070835,9.358777,8.167578],"to":[15.107084,17.758778,9.567578],"faces":{"east":{"uv":[9.2,11.2,9.400001,12.400001],"tintindex":0,"rotation":0,"texture":"#0"},"south":{"uv":[9.2,8.6,9.8,9.8],"tintindex":0,"rotation":0,"texture":"#0"},"north":{"uv":[1.6,9.400001,2.2,10.6],"tintindex":0,"rotation":0,"texture":"#0"},"west":{"uv":[3.2,11.2,3.4,12.400001],"tintindex":0,"rotation":0,"texture":"#0"},"up":{"uv":[12.2,4.6,11.6,4.4],"tintindex":0,"rotation":180,"texture":"#0"},"down":{"uv":[12.6,6.4,12.0,6.6],"tintindex":0,"rotation":180,"texture":"#0"}}},{"from":[-1.1469021,24.171192,4.667578],"to":[4.4530983,29.771194,4.667578],"faces":{"south":{"uv":[4.0,12.900001,3.2,13.7],"tintindex":0,"rotation":0,"texture":"#0"},"north":{"uv":[3.2,12.900001,4.0,13.7],"tintindex":0,"rotation":0,"texture":"#0"}},"rotation":{"origin":[-1.8469019,24.52119,3.967578],"angle":22.5,"axis":"x"}},{"from":[17.907085,9.358777,6.767578],"to":[20.707085,13.558776,8.167578],"faces":{"east":{"uv":[12.400001,8.8,12.2,9.400001],"tintindex":0,"rotation":0,"texture":"#0"},"south":{"uv":[0.8,12.0,0.4,12.6],"tintindex":0,"rotation":0,"texture":"#0"},"north":{"uv":[0.4,12.0,0.0,12.6],"tintindex":0,"rotation":0,"texture":"#0"},"west":{"uv":[8.8,12.2,8.6,12.8],"tintindex":0,"rotation":0,"texture":"#0"},"up":{"uv":[12.6,11.6,12.2,11.8],"tintindex":0,"rotation":180,"texture":"#0"},"down":{"uv":[12.6,12.0,12.2,11.8],"tintindex":0,"rotation":180,"texture":"#0"}}}],"display":{"gui":{"rotation":[30,225,0]}}}