{"overrides":[{"predicate":{"custom_model_data":1},"model":"modelengine:earth_crate/uppercase"},{"predicate":{"custom_model_data":2},"model":"modelengine:earth_crate/lowerbase"},{"predicate":{"custom_model_data":3},"model":"modelengine:earth_crate/mainlock"},{"predicate":{"custom_model_data":4},"model":"modelengine:earth_crate/bone2"},{"predicate":{"custom_model_data":5},"model":"modelengine:earth_crate/bone4"},{"predicate":{"custom_model_data":6},"model":"modelengine:earth_crate/bone6"},{"predicate":{"custom_model_data":7},"model":"modelengine:earth_crate/bone8"},{"predicate":{"custom_model_data":8},"model":"modelengine:earth_crate/lock"},{"predicate":{"custom_model_data":9},"model":"modelengine:earth_crate/bone3"},{"predicate":{"custom_model_data":10},"model":"modelengine:earth_crate/bone5"},{"predicate":{"custom_model_data":11},"model":"modelengine:earth_crate/bone7"},{"predicate":{"custom_model_data":12},"model":"modelengine:earth_crate/bone9"},{"predicate":{"custom_model_data":13},"model":"modelengine:fire_crate/uppercase"},{"predicate":{"custom_model_data":14},"model":"modelengine:fire_crate/lowerbase"},{"predicate":{"custom_model_data":15},"model":"modelengine:fire_crate/head"},{"predicate":{"custom_model_data":16},"model":"modelengine:fire_crate/rightclothe"},{"predicate":{"custom_model_data":17},"model":"modelengine:fire_crate/leftclothe"},{"predicate":{"custom_model_data":18},"model":"modelengine:fire_crate/bone2"},{"predicate":{"custom_model_data":19},"model":"modelengine:fire_crate/bone4"},{"predicate":{"custom_model_data":20},"model":"modelengine:fire_crate/rightclothe2"},{"predicate":{"custom_model_data":21},"model":"modelengine:fire_crate/leftclothe2"},{"predicate":{"custom_model_data":22},"model":"modelengine:fire_crate/bone3"},{"predicate":{"custom_model_data":23},"model":"modelengine:fire_crate/bone5"},{"predicate":{"custom_model_data":24},"model":"modelengine:fire_crate/bone7"},{"predicate":{"custom_model_data":25},"model":"modelengine:fire_crate/bone6"},{"predicate":{"custom_model_data":26},"model":"modelengine:water_crate/uppercase"},{"predicate":{"custom_model_data":27},"model":"modelengine:water_crate/lowerbase"},{"predicate":{"custom_model_data":28},"model":"modelengine:water_crate/rightcloth"},{"predicate":{"custom_model_data":29},"model":"modelengine:water_crate/bone3"},{"predicate":{"custom_model_data":30},"model":"modelengine:water_crate/bone2"},{"predicate":{"custom_model_data":31},"model":"modelengine:water_crate/bone5"},{"predicate":{"custom_model_data":32},"model":"modelengine:water_crate/rightbottle"},{"predicate":{"custom_model_data":33},"model":"modelengine:water_crate/bone4"},{"predicate":{"custom_model_data":34},"model":"modelengine:water_crate/leftcloth"},{"predicate":{"custom_model_data":35},"model":"modelengine:water_crate/leftbottle"},{"predicate":{"custom_model_data":36},"model":"modelengine:wind_crate/uppercase"},{"predicate":{"custom_model_data":37},"model":"modelengine:wind_crate/lowerbase"},{"predicate":{"custom_model_data":38},"model":"modelengine:wind_crate/windclothe"},{"predicate":{"custom_model_data":39},"model":"modelengine:wind_crate/leftwing"},{"predicate":{"custom_model_data":40},"model":"modelengine:wind_crate/rightwing"},{"predicate":{"custom_model_data":41},"model":"modelengine:wind_crate/windclothe2"}],"parent":"minecraft:item/generated","textures":{"layer0":"minecraft:item/leather_horse_armor"}}