{"textures":{"0":"modelengine:entity/windcrate"},"elements":[{"from":[-8.199493,3.8000002,7.93],"to":[5.520505,14.72,7.93],"faces":{"south":{"uv":[8.9375,0.0625,10.1875,1.0625],"tintindex":0,"rotation":0,"texture":"#0"},"north":{"uv":[10.1875,0.0625,8.9375,1.0625],"tintindex":0,"rotation":0,"texture":"#0"}}},{"from":[3.7502527,5.850253,7.23],"to":[8.650252,11.4502535,8.7],"faces":{"east":{"uv":[5.875,7.625,5.75,8.125],"tintindex":0,"rotation":0,"texture":"#0"},"south":{"uv":[2.125,6.75,2.5625,7.25],"tintindex":0,"rotation":0,"texture":"#0"},"north":{"uv":[2.5625,6.75,2.125,7.25],"tintindex":0,"rotation":0,"texture":"#0"},"west":{"uv":[6.0,7.625,5.875,8.125],"tintindex":0,"rotation":0,"texture":"#0"},"up":{"uv":[7.625,6.875,8.0625,6.75],"tintindex":0,"rotation":180,"texture":"#0"},"down":{"uv":[3.0,7.75,3.4375,7.875],"tintindex":0,"rotation":180,"texture":"#0"}}},{"from":[-1.1994944,10.8,7.3],"to":[2.7205057,14.72,8.63],"faces":{"east":{"uv":[7.875,7.5,7.75,7.875],"tintindex":0,"rotation":0,"texture":"#0"},"south":{"uv":[1.125,7.125,1.5,7.5],"tintindex":0,"rotation":0,"texture":"#0"},"north":{"uv":[1.5,7.125,1.125,7.5],"tintindex":0,"rotation":0,"texture":"#0"},"west":{"uv":[0.125,7.875,0.0,8.25],"tintindex":0,"rotation":0,"texture":"#0"},"up":{"uv":[7.75,5.25,8.125,5.125],"tintindex":0,"rotation":180,"texture":"#0"},"down":{"uv":[7.875,1.0,8.25,1.125],"tintindex":0,"rotation":180,"texture":"#0"}}},{"from":[-0.44974804,7.010051,7.265],"to":[6.550252,12.610051,8.665],"faces":{"east":{"uv":[4.0,7.625,3.875,8.125],"tintindex":0,"rotation":0,"texture":"#0"},"south":{"uv":[6.375,3.625,7.0,4.125],"tintindex":0,"rotation":0,"texture":"#0"},"north":{"uv":[7.0,3.625,6.375,4.125],"tintindex":0,"rotation":0,"texture":"#0"},"west":{"uv":[4.125,7.625,4.0,8.125],"tintindex":0,"rotation":0,"texture":"#0"},"up":{"uv":[7.5,6.0,8.125,5.875],"tintindex":0,"rotation":180,"texture":"#0"},"down":{"uv":[4.75,7.625,5.375,7.75],"tintindex":0,"rotation":180,"texture":"#0"}},"rotation":{"origin":[3.7502527,9.81005,7.965],"angle":-45.0,"axis":"z"}}],"display":{"gui":{"rotation":[30,225,0]}}}