{"textures":{"0":"modelengine:entity/windcrate"},"elements":[{"from":[16.297085,7.608777,-9.33242],"to":[19.097084,16.008778,8.167579],"faces":{"east":{"uv":[3.5,4.75,5.0625,5.5],"tintindex":0,"rotation":0,"texture":"#0"},"south":{"uv":[3.875,6.875,4.125,7.625],"tintindex":0,"rotation":0,"texture":"#0"},"north":{"uv":[6.875,4.5,7.125,5.25],"tintindex":0,"rotation":0,"texture":"#0"},"west":{"uv":[1.875,4.5,3.4375,5.25],"tintindex":0,"rotation":0,"texture":"#0"},"up":{"uv":[1.125,7.6875,0.875,6.125],"tintindex":0,"rotation":180,"texture":"#0"},"down":{"uv":[6.5,6.0,6.25,7.5625],"tintindex":0,"rotation":180,"texture":"#0"}},"rotation":{"origin":[19.097084,12.858777,-0.5824213],"angle":-22.5,"axis":"z"}},{"from":[-3.442916,14.958777,-4.782421],"to":[17.557083,17.758778,3.6175785],"faces":{"east":{"uv":[5.25,6.875,6.0,7.125],"tintindex":0,"rotation":0,"texture":"#0"},"south":{"uv":[5.75,1.0,7.625,1.25],"tintindex":0,"rotation":0,"texture":"#0"},"north":{"uv":[5.75,1.25,7.625,1.5],"tintindex":0,"rotation":0,"texture":"#0"},"west":{"uv":[2.75,5.25,3.5,5.5],"tintindex":0,"rotation":0,"texture":"#0"},"up":{"uv":[5.75,0.75,3.875,0.0],"tintindex":0,"rotation":180,"texture":"#0"},"down":{"uv":[5.75,0.75,3.875,1.5],"tintindex":0,"rotation":180,"texture":"#0"}}},{"from":[10.899798,6.5514917,-11.08242],"to":[17.549799,8.651491,-11.08242],"faces":{"south":{"uv":[8.125,2.125,7.5625,2.3125],"tintindex":0,"rotation":0,"texture":"#0"},"north":{"uv":[7.5625,2.125,8.125,2.3125],"tintindex":0,"rotation":0,"texture":"#0"}},"rotation":{"origin":[11.599798,7.9514914,-10.732422],"angle":-45.0,"axis":"z"}},{"from":[3.557084,16.358776,4.317579],"to":[10.557084,17.058777,7.8175783],"faces":{"east":{"uv":[2.25,8.0,2.5625,8.0625],"tintindex":0,"rotation":0,"texture":"#0"},"south":{"uv":[7.875,4.125,8.5,4.1875],"tintindex":0,"rotation":0,"texture":"#0"},"north":{"uv":[4.25,7.875,4.875,7.9375],"tintindex":0,"rotation":0,"texture":"#0"},"west":{"uv":[1.875,8.0,2.1875,8.0625],"tintindex":0,"rotation":0,"texture":"#0"},"up":{"uv":[7.5,2.4375,6.875,2.125],"tintindex":0,"rotation":180,"texture":"#0"},"down":{"uv":[3.25,6.875,2.625,7.1875],"tintindex":0,"rotation":180,"texture":"#0"}}},{"from":[3.2070842,8.658776,-12.482422],"to":[7.407084,12.858777,-11.782421],"faces":{"east":{"uv":[5.625,7.875,5.6875,8.25],"tintindex":0,"rotation":0,"texture":"#0"},"south":{"uv":[1.5,7.125,1.875,7.5],"tintindex":0,"rotation":0,"texture":"#0"},"north":{"uv":[7.125,2.75,7.5,3.125],"tintindex":0,"rotation":0,"texture":"#0"},"west":{"uv":[3.375,7.875,3.4375,8.25],"tintindex":0,"rotation":0,"texture":"#0"},"up":{"uv":[1.25,8.0625,0.875,8.0],"tintindex":0,"rotation":180,"texture":"#0"},"down":{"uv":[1.625,8.0,1.25,8.0625],"tintindex":0,"rotation":180,"texture":"#0"}},"rotation":{"origin":[7.057084,12.508777,-10.3824215],"angle":45.0,"axis":"z"}},{"from":[-4.1429157,7.9587765,-10.032421],"to":[18.257084,9.358777,8.8675785],"faces":{"east":{"uv":[6.875,0.0,8.5625,0.125],"tintindex":0,"rotation":0,"texture":"#0"},"south":{"uv":[6.625,1.5,8.625,1.625],"tintindex":0,"rotation":0,"texture":"#0"},"north":{"uv":[6.625,1.625,8.625,1.75],"tintindex":0,"rotation":0,"texture":"#0"},"west":{"uv":[6.625,2.0,8.3125,2.125],"tintindex":0,"rotation":0,"texture":"#0"},"up":{"uv":[2.0,1.6875,0.0,0.0],"tintindex":0,"rotation":180,"texture":"#0"},"down":{"uv":[2.0,1.75,0.0,3.4375],"tintindex":0,"rotation":180,"texture":"#0"}}},{"from":[3.557084,17.058777,-5.482422],"to":[10.557084,18.458778,4.317579],"faces":{"east":{"uv":[7.375,7.375,8.25,7.5],"tintindex":0,"rotation":0,"texture":"#0"},"south":{"uv":[5.125,3.375,5.75,3.5],"tintindex":0,"rotation":0,"texture":"#0"},"north":{"uv":[7.5,2.375,8.125,2.5],"tintindex":0,"rotation":0,"texture":"#0"},"west":{"uv":[7.375,4.875,8.25,5.0],"tintindex":0,"rotation":0,"texture":"#0"},"up":{"uv":[1.75,6.625,1.125,5.75],"tintindex":0,"rotation":180,"texture":"#0"},"down":{"uv":[2.375,5.75,1.75,6.625],"tintindex":0,"rotation":180,"texture":"#0"}}},{"from":[2.157084,16.358776,-8.982422],"to":[3.557084,17.758778,-4.782421],"faces":{"east":{"uv":[8.125,4.75,7.75,4.875],"tintindex":0,"rotation":0,"texture":"#0"},"south":{"uv":[8.125,3.375,8.0,3.5],"tintindex":0,"rotation":0,"texture":"#0"},"north":{"uv":[8.125,3.5,8.0,3.625],"tintindex":0,"rotation":0,"texture":"#0"},"west":{"uv":[8.125,5.0,7.75,5.125],"tintindex":0,"rotation":0,"texture":"#0"},"up":{"uv":[5.125,8.125,5.25,7.75],"tintindex":0,"rotation":180,"texture":"#0"},"down":{"uv":[5.25,7.75,5.375,8.125],"tintindex":0,"rotation":180,"texture":"#0"}}},{"from":[2.157084,9.358777,-10.3824215],"to":[3.557084,17.758778,-8.982422],"faces":{"east":{"uv":[0.75,7.5,0.625,8.25],"tintindex":0,"rotation":0,"texture":"#0"},"south":{"uv":[0.625,7.5,0.5,8.25],"tintindex":0,"rotation":0,"texture":"#0"},"north":{"uv":[1.875,7.5,1.75,8.25],"tintindex":0,"rotation":0,"texture":"#0"},"west":{"uv":[7.5,7.5,7.375,8.25],"tintindex":0,"rotation":0,"texture":"#0"},"up":{"uv":[5.25,6.5,5.375,6.375],"tintindex":0,"rotation":180,"texture":"#0"},"down":{"uv":[7.125,7.875,7.25,8.0],"tintindex":0,"rotation":180,"texture":"#0"}}},{"from":[10.899798,7.9514914,-10.732422],"to":[17.8998,10.051492,-10.732422],"faces":{"south":{"uv":[8.75,7.125,8.125,7.3125],"tintindex":0,"rotation":0,"texture":"#0"},"north":{"uv":[8.125,7.125,8.75,7.3125],"tintindex":0,"rotation":0,"texture":"#0"}},"rotation":{"origin":[11.599798,7.9514914,-10.732422],"angle":-22.5,"axis":"z"}},{"from":[14.897084,13.208777,-5.1324215],"to":[17.697084,18.808777,3.967579],"faces":{"east":{"uv":[0.0,6.125,0.8125,6.625],"tintindex":0,"rotation":0,"texture":"#0"},"south":{"uv":[1.875,7.125,2.125,7.625],"tintindex":0,"rotation":0,"texture":"#0"},"north":{"uv":[7.125,4.5,7.375,5.0],"tintindex":0,"rotation":0,"texture":"#0"},"west":{"uv":[5.375,6.0,6.1875,6.5],"tintindex":0,"rotation":0,"texture":"#0"},"up":{"uv":[6.25,7.3125,6.0,6.5],"tintindex":0,"rotation":180,"texture":"#0"},"down":{"uv":[0.75,6.625,0.5,7.4375],"tintindex":0,"rotation":180,"texture":"#0"}},"rotation":{"origin":[19.097084,12.858777,-0.5824213],"angle":-22.5,"axis":"z"}},{"from":[2.507084,7.9587765,-11.782421],"to":[8.107084,13.558776,-9.682423],"faces":{"east":{"uv":[7.625,1.0,7.8125,1.5],"tintindex":0,"rotation":0,"texture":"#0"},"south":{"uv":[0.0,6.625,0.5,7.125],"tintindex":0,"rotation":0,"texture":"#0"},"north":{"uv":[1.125,6.625,1.625,7.125],"tintindex":0,"rotation":0,"texture":"#0"},"west":{"uv":[7.5,7.5,7.6875,8.0],"tintindex":0,"rotation":0,"texture":"#0"},"up":{"uv":[6.25,4.6875,5.75,4.5],"tintindex":0,"rotation":180,"texture":"#0"},"down":{"uv":[4.75,7.625,4.25,7.8125],"tintindex":0,"rotation":180,"texture":"#0"}},"rotation":{"origin":[7.057084,12.508777,-10.3824215],"angle":45.0,"axis":"z"}},{"from":[3.557084,9.358777,7.8175783],"to":[10.557084,17.058777,8.517579],"faces":{"east":{"uv":[0.25,7.875,0.3125,8.5625],"tintindex":0,"rotation":0,"texture":"#0"},"south":{"uv":[5.75,3.375,6.375,4.0625],"tintindex":0,"rotation":0,"texture":"#0"},"north":{"uv":[2.375,6.0,3.0,6.6875],"tintindex":0,"rotation":0,"texture":"#0"},"west":{"uv":[0.125,7.875,0.1875,8.5625],"tintindex":0,"rotation":0,"texture":"#0"},"up":{"uv":[8.5,3.6875,7.875,3.625],"tintindex":0,"rotation":180,"texture":"#0"},"down":{"uv":[8.5,3.75,7.875,3.8125],"tintindex":0,"rotation":180,"texture":"#0"}}},{"from":[10.557084,17.758778,-6.1824207],"to":[11.957085,19.158775,5.0175786],"faces":{"east":{"uv":[7.125,4.0,8.125,4.125],"tintindex":0,"rotation":0,"texture":"#0"},"south":{"uv":[3.625,8.0,3.75,8.125],"tintindex":0,"rotation":0,"texture":"#0"},"north":{"uv":[3.75,8.0,3.875,8.125],"tintindex":0,"rotation":0,"texture":"#0"},"west":{"uv":[7.125,3.875,8.125,4.0],"tintindex":0,"rotation":0,"texture":"#0"},"up":{"uv":[2.0,4.5,1.875,3.5],"tintindex":0,"rotation":180,"texture":"#0"},"down":{"uv":[0.5,7.125,0.375,8.125],"tintindex":0,"rotation":180,"texture":"#0"}}},{"from":[10.557084,16.358776,-8.982422],"to":[11.957085,17.758778,-4.782421],"faces":{"east":{"uv":[7.75,5.0,8.125,5.125],"tintindex":0,"rotation":0,"texture":"#0"},"south":{"uv":[8.0,3.375,8.125,3.5],"tintindex":0,"rotation":0,"texture":"#0"},"north":{"uv":[8.0,3.5,8.125,3.625],"tintindex":0,"rotation":0,"texture":"#0"},"west":{"uv":[7.75,4.75,8.125,4.875],"tintindex":0,"rotation":0,"texture":"#0"},"up":{"uv":[5.25,8.125,5.125,7.75],"tintindex":0,"rotation":180,"texture":"#0"},"down":{"uv":[5.375,7.75,5.25,8.125],"tintindex":0,"rotation":180,"texture":"#0"}}},{"from":[9.499799,8.651491,-11.08242],"to":[12.299799,9.351491,-10.3824215],"faces":{"east":{"uv":[8.0,7.125,8.0625,7.1875],"tintindex":0,"rotation":0,"texture":"#0"},"south":{"uv":[4.25,8.0,4.5,8.0625],"tintindex":0,"rotation":0,"texture":"#0"},"north":{"uv":[4.5,8.0,4.75,8.0625],"tintindex":0,"rotation":0,"texture":"#0"},"west":{"uv":[7.125,8.0,7.1875,8.0625],"tintindex":0,"rotation":0,"texture":"#0"},"up":{"uv":[5.0,8.0625,4.75,8.0],"tintindex":0,"rotation":180,"texture":"#0"},"down":{"uv":[5.625,8.0,5.375,8.0625],"tintindex":0,"rotation":180,"texture":"#0"}},"rotation":{"origin":[11.599798,7.9514914,-10.732422],"angle":-22.5,"axis":"z"}},{"from":[-3.5829163,13.208777,-5.1324215],"to":[-0.78291607,18.808777,3.967579],"faces":{"east":{"uv":[6.1875,6.0,5.375,6.5],"tintindex":0,"rotation":0,"texture":"#0"},"south":{"uv":[2.125,7.125,1.875,7.625],"tintindex":0,"rotation":0,"texture":"#0"},"north":{"uv":[7.375,4.5,7.125,5.0],"tintindex":0,"rotation":0,"texture":"#0"},"west":{"uv":[0.8125,6.125,0.0,6.625],"tintindex":0,"rotation":0,"texture":"#0"},"up":{"uv":[6.0,7.3125,6.25,6.5],"tintindex":0,"rotation":180,"texture":"#0"},"down":{"uv":[0.5,6.625,0.75,7.4375],"tintindex":0,"rotation":180,"texture":"#0"}},"rotation":{"origin":[-4.982916,12.858777,-0.5824213],"angle":22.5,"axis":"z"}},{"from":[3.557084,16.358776,-8.982422],"to":[10.557084,17.058777,-5.482422],"faces":{"east":{"uv":[8.0,2.875,8.3125,2.9375],"tintindex":0,"rotation":0,"texture":"#0"},"south":{"uv":[7.875,4.25,8.5,4.3125],"tintindex":0,"rotation":0,"texture":"#0"},"north":{"uv":[7.875,4.375,8.5,4.4375],"tintindex":0,"rotation":0,"texture":"#0"},"west":{"uv":[2.625,8.0,2.9375,8.0625],"tintindex":0,"rotation":0,"texture":"#0"},"up":{"uv":[3.875,7.1875,3.25,6.875],"tintindex":0,"rotation":180,"texture":"#0"},"down":{"uv":[7.5,4.125,6.875,4.4375],"tintindex":0,"rotation":180,"texture":"#0"}}},{"from":[-4.982916,7.608777,-9.33242],"to":[-2.1829157,16.008778,8.167579],"faces":{"east":{"uv":[3.4375,4.5,1.875,5.25],"tintindex":0,"rotation":0,"texture":"#0"},"south":{"uv":[4.125,6.875,3.875,7.625],"tintindex":0,"rotation":0,"texture":"#0"},"north":{"uv":[7.125,4.5,6.875,5.25],"tintindex":0,"rotation":0,"texture":"#0"},"west":{"uv":[5.0625,4.75,3.5,5.5],"tintindex":0,"rotation":0,"texture":"#0"},"up":{"uv":[0.875,7.6875,1.125,6.125],"tintindex":0,"rotation":180,"texture":"#0"},"down":{"uv":[6.25,6.0,6.5,7.5625],"tintindex":0,"rotation":180,"texture":"#0"}},"rotation":{"origin":[-4.982916,12.858777,-0.5824213],"angle":22.5,"axis":"z"}},{"from":[10.557084,16.358776,3.6175785],"to":[11.957085,17.758778,7.8175783],"faces":{"east":{"uv":[4.75,7.75,5.125,7.875],"tintindex":0,"rotation":0,"texture":"#0"},"south":{"uv":[8.0,3.125,8.125,3.25],"tintindex":0,"rotation":0,"texture":"#0"},"north":{"uv":[8.0,3.25,8.125,3.375],"tintindex":0,"rotation":0,"texture":"#0"},"west":{"uv":[7.75,4.625,8.125,4.75],"tintindex":0,"rotation":0,"texture":"#0"},"up":{"uv":[1.75,8.125,1.625,7.75],"tintindex":0,"rotation":180,"texture":"#0"},"down":{"uv":[3.625,7.75,3.5,8.125],"tintindex":0,"rotation":180,"texture":"#0"}}},{"from":[10.557084,9.358777,-10.3824215],"to":[11.957085,17.758778,-8.982422],"faces":{"east":{"uv":[7.375,7.5,7.5,8.25],"tintindex":0,"rotation":0,"texture":"#0"},"south":{"uv":[0.5,7.5,0.625,8.25],"tintindex":0,"rotation":0,"texture":"#0"},"north":{"uv":[1.75,7.5,1.875,8.25],"tintindex":0,"rotation":0,"texture":"#0"},"west":{"uv":[0.625,7.5,0.75,8.25],"tintindex":0,"rotation":0,"texture":"#0"},"up":{"uv":[5.375,6.5,5.25,6.375],"tintindex":0,"rotation":180,"texture":"#0"},"down":{"uv":[7.25,7.875,7.125,8.0],"tintindex":0,"rotation":180,"texture":"#0"}}},{"from":[5.6570845,14.258777,-11.08242],"to":[8.457084,15.658776,-9.682423],"faces":{"east":{"uv":[8.0,3.0,8.125,3.125],"tintindex":0,"rotation":0,"texture":"#0"},"south":{"uv":[2.125,6.625,2.375,6.75],"tintindex":0,"rotation":0,"texture":"#0"},"north":{"uv":[1.875,7.625,2.125,7.75],"tintindex":0,"rotation":0,"texture":"#0"},"west":{"uv":[7.25,7.875,7.375,8.0],"tintindex":0,"rotation":0,"texture":"#0"},"up":{"uv":[5.125,8.0,4.875,7.875],"tintindex":0,"rotation":180,"texture":"#0"},"down":{"uv":[5.625,7.875,5.375,8.0],"tintindex":0,"rotation":180,"texture":"#0"}}},{"from":[3.557084,9.358777,-9.682423],"to":[10.557084,17.058777,-8.982422],"faces":{"east":{"uv":[3.0,7.875,3.0625,8.5625],"tintindex":0,"rotation":0,"texture":"#0"},"south":{"uv":[3.0,6.0,3.625,6.6875],"tintindex":0,"rotation":0,"texture":"#0"},"north":{"uv":[3.625,6.0,4.25,6.6875],"tintindex":0,"rotation":0,"texture":"#0"},"west":{"uv":[7.875,2.875,7.9375,3.5625],"tintindex":0,"rotation":0,"texture":"#0"},"up":{"uv":[8.5,5.5625,7.875,5.5],"tintindex":0,"rotation":180,"texture":"#0"},"down":{"uv":[8.5,5.625,7.875,5.6875],"tintindex":0,"rotation":180,"texture":"#0"}}},{"from":[4.957084,10.758777,-11.08242],"to":[9.1570835,14.258777,-9.682423],"faces":{"east":{"uv":[3.25,7.875,3.375,8.1875],"tintindex":0,"rotation":0,"texture":"#0"},"south":{"uv":[7.25,6.5,7.625,6.8125],"tintindex":0,"rotation":0,"texture":"#0"},"north":{"uv":[7.375,4.5,7.75,4.8125],"tintindex":0,"rotation":0,"texture":"#0"},"west":{"uv":[3.125,7.875,3.25,8.1875],"tintindex":0,"rotation":0,"texture":"#0"},"up":{"uv":[1.5,5.75,1.125,5.625],"tintindex":0,"rotation":180,"texture":"#0"},"down":{"uv":[8.125,4.5,7.75,4.625],"tintindex":0,"rotation":180,"texture":"#0"}}},{"from":[2.157084,17.758778,-6.1824207],"to":[3.557084,19.158775,5.0175786],"faces":{"east":{"uv":[8.125,3.875,7.125,4.0],"tintindex":0,"rotation":0,"texture":"#0"},"south":{"uv":[3.75,8.0,3.625,8.125],"tintindex":0,"rotation":0,"texture":"#0"},"north":{"uv":[3.875,8.0,3.75,8.125],"tintindex":0,"rotation":0,"texture":"#0"},"west":{"uv":[8.125,4.0,7.125,4.125],"tintindex":0,"rotation":0,"texture":"#0"},"up":{"uv":[1.875,4.5,2.0,3.5],"tintindex":0,"rotation":180,"texture":"#0"},"down":{"uv":[0.375,7.125,0.5,8.125],"tintindex":0,"rotation":180,"texture":"#0"}}},{"from":[-3.442916,9.358777,-8.982422],"to":[17.557083,16.358776,7.8175783],"faces":{"east":{"uv":[5.125,1.5,6.625,2.125],"tintindex":0,"rotation":0,"texture":"#0"},"south":{"uv":[3.875,3.5,5.75,4.125],"tintindex":0,"rotation":0,"texture":"#0"},"north":{"uv":[3.875,4.125,5.75,4.75],"tintindex":0,"rotation":0,"texture":"#0"},"west":{"uv":[0.0,5.0,1.5,5.625],"tintindex":0,"rotation":0,"texture":"#0"},"up":{"uv":[3.875,1.5,2.0,0.0],"tintindex":0,"rotation":180,"texture":"#0"},"down":{"uv":[3.875,1.5,2.0,3.0],"tintindex":0,"rotation":180,"texture":"#0"}}},{"from":[2.157084,9.358777,7.8175783],"to":[3.557084,17.758778,9.217579],"faces":{"east":{"uv":[3.875,7.25,3.75,8.0],"tintindex":0,"rotation":0,"texture":"#0"},"south":{"uv":[3.75,7.25,3.625,8.0],"tintindex":0,"rotation":0,"texture":"#0"},"north":{"uv":[6.125,7.375,6.0,8.125],"tintindex":0,"rotation":0,"texture":"#0"},"west":{"uv":[6.25,7.375,6.125,8.125],"tintindex":0,"rotation":0,"texture":"#0"},"up":{"uv":[6.25,2.75,6.375,2.625],"tintindex":0,"rotation":180,"texture":"#0"},"down":{"uv":[6.25,2.75,6.375,2.875],"tintindex":0,"rotation":180,"texture":"#0"}}},{"from":[9.149798,7.2514915,-11.432423],"to":[13.349798,7.9514914,-10.732422],"faces":{"east":{"uv":[8.0,7.25,8.0625,7.3125],"tintindex":0,"rotation":0,"texture":"#0"},"south":{"uv":[7.875,7.5,8.25,7.5625],"tintindex":0,"rotation":0,"texture":"#0"},"north":{"uv":[7.875,7.625,8.25,7.6875],"tintindex":0,"rotation":0,"texture":"#0"},"west":{"uv":[7.25,8.0,7.3125,8.0625],"tintindex":0,"rotation":0,"texture":"#0"},"up":{"uv":[8.125,7.9375,7.75,7.875],"tintindex":0,"rotation":180,"texture":"#0"},"down":{"uv":[8.25,7.75,7.875,7.8125],"tintindex":0,"rotation":180,"texture":"#0"}},"rotation":{"origin":[11.599798,7.9514914,-10.732422],"angle":-45.0,"axis":"z"}},{"from":[10.557084,9.358777,7.8175783],"to":[11.957085,17.758778,9.217579],"faces":{"east":{"uv":[6.125,7.375,6.25,8.125],"tintindex":0,"rotation":0,"texture":"#0"},"south":{"uv":[3.625,7.25,3.75,8.0],"tintindex":0,"rotation":0,"texture":"#0"},"north":{"uv":[6.0,7.375,6.125,8.125],"tintindex":0,"rotation":0,"texture":"#0"},"west":{"uv":[3.75,7.25,3.875,8.0],"tintindex":0,"rotation":0,"texture":"#0"},"up":{"uv":[6.375,2.75,6.25,2.625],"tintindex":0,"rotation":180,"texture":"#0"},"down":{"uv":[6.375,2.75,6.25,2.875],"tintindex":0,"rotation":180,"texture":"#0"}}},{"from":[2.157084,16.358776,3.6175785],"to":[3.557084,17.758778,7.8175783],"faces":{"east":{"uv":[8.125,4.625,7.75,4.75],"tintindex":0,"rotation":0,"texture":"#0"},"south":{"uv":[8.125,3.125,8.0,3.25],"tintindex":0,"rotation":0,"texture":"#0"},"north":{"uv":[8.125,3.25,8.0,3.375],"tintindex":0,"rotation":0,"texture":"#0"},"west":{"uv":[5.125,7.75,4.75,7.875],"tintindex":0,"rotation":0,"texture":"#0"},"up":{"uv":[1.625,8.125,1.75,7.75],"tintindex":0,"rotation":180,"texture":"#0"},"down":{"uv":[3.5,7.75,3.625,8.125],"tintindex":0,"rotation":180,"texture":"#0"}}}],"display":{"gui":{"rotation":[30,225,0]}}}